match_number,url,newspaper_title,publication_date,page_number,location,snippet,screenshot_path
1,https://newscomwc.newspapers.com/image/52918017/?match=1&terms=%22certificate%20of%20need%22&pqsid=56p_GZb4J3kSVjS18QJY7w%3A19135%3A1329001197,,,,,"The Daily Times-News • Page 11 Tuesday, April 4, 1961Burlington, North Carolina1 of 2 matches on this page.Previous Next",C:\Users\shakyas\Desktop\ShakyaThinkGround\CONLAW\newspapers_screenshots\certificate_of_need_nc_0001.png
2,https://newscomwc.newspapers.com/image/52719099/?match=1&terms=%22certificate%20of%20need%22&pqsid=56p_GZb4J3kSVjS18QJY7w%3A19135%3A1329001197,,,,,"The Daily Times-News • Page 15 Friday, January 5, 1962Burlington, North Carolina1 of 1 matches on this page.",C:\Users\shakyas\Desktop\ShakyaThinkGround\CONLAW\newspapers_screenshots\certificate_of_need_nc_0002.png
3,https://newscomwc.newspapers.com/image/42015067/?match=1&terms=%22certificate%20of%20need%22&pqsid=56p_GZb4J3kSVjS18QJY7w%3A19135%3A1329001197,,,,,"The Robesonian • Page 8 Friday, February 28, 1964Lumberton, North Carolina1 of 2 matches on this page.Previous Next",C:\Users\shakyas\Desktop\ShakyaThinkGround\CONLAW\newspapers_screenshots\certificate_of_need_nc_0003.png
4,https://newscomwc.newspapers.com/image/52947862/?match=1&terms=%22certificate%20of%20need%22&pqsid=56p_GZb4J3kSVjS18QJY7w%3A19135%3A1329001197,,,,,"The Daily Times-News • Page 4 Friday, March 13, 1964Burlington, North Carolina1 of 2 matches on this page.Previous Next",C:\Users\shakyas\Desktop\ShakyaThinkGround\CONLAW\newspapers_screenshots\certificate_of_need_nc_0004.png
5,https://newscomwc.newspapers.com/image/340715968/?match=1&terms=%22certificate%20of%20need%22&pqsid=56p_GZb4J3kSVjS18QJY7w%3A19135%3A1329001197,,,,,"Rocky Mount Telegram • Page 27 Sunday, December 12, 1965Rocky Mount, North Carolina1 of 2 matches on this page.Previous Next",C:\Users\shakyas\Desktop\ShakyaThinkGround\CONLAW\newspapers_screenshots\certificate_of_need_nc_0005.png
6,https://newscomwc.newspapers.com/image/45143851/?match=1&terms=%22certificate%20of%20need%22&pqsid=56p_GZb4J3kSVjS18QJY7w%3A19135%3A1329001197,,,,,"Independent Tribune • Page 12 Tuesday, August 16, 1966Concord, North Carolina1 of 2 matches on this page.Previous Next",C:\Users\shakyas\Desktop\ShakyaThinkGround\CONLAW\newspapers_screenshots\certificate_of_need_nc_0006.png
7,https://newscomwc.newspapers.com/image/340717761/?match=1&terms=%22certificate%20of%20need%22&pqsid=56p_GZb4J3kSVjS18QJY7w%3A19135%3A1329001197,,,,,"Rocky Mount Telegram • Page 10 Saturday, August 27, 1966Rocky Mount, North Carolina1 of 2 matches on this page.Previous Next",C:\Users\shakyas\Desktop\ShakyaThinkGround\CONLAW\newspapers_screenshots\certificate_of_need_nc_0007.png
8,https://newscomwc.newspapers.com/image/52797975/?match=1&terms=%22certificate%20of%20need%22&pqsid=56p_GZb4J3kSVjS18QJY7w%3A19135%3A1329001197,,,,,"The Daily Times-News • Page 8 Tuesday, October 4, 1966Burlington, North Carolina1 of 2 matches on this page.Previous Next",C:\Users\shakyas\Desktop\ShakyaThinkGround\CONLAW\newspapers_screenshots\certificate_of_need_nc_0008.png
9,https://newscomwc.newspapers.com/image/52799857/?match=1&terms=%22certificate%20of%20need%22&pqsid=56p_GZb4J3kSVjS18QJY7w%3A19135%3A1329001197,,,,,"The Daily Times-News • Page 5 Tuesday, October 18, 1966Burlington, North Carolina1 of 2 matches on this page.Previous Next",C:\Users\shakyas\Desktop\ShakyaThinkGround\CONLAW\newspapers_screenshots\certificate_of_need_nc_0009.png
10,https://newscomwc.newspapers.com/image/52800790/?match=1&terms=%22certificate%20of%20need%22&pqsid=56p_GZb4J3kSVjS18QJY7w%3A19135%3A1329001197,,,,,"The Daily Times-News • Page 7 Tuesday, November 1, 1966Burlington, North Carolina1 of 2 matches on this page.Previous Next",C:\Users\shakyas\Desktop\ShakyaThinkGround\CONLAW\newspapers_screenshots\certificate_of_need_nc_0010.png
11,https://newscomwc.newspapers.com/image/340936648/?match=1&terms=%22certificate%20of%20need%22&pqsid=1G5w5jPookppD464ShWQFw%3A12564%3A1788838422,,,,,"The Nashville Graphic • Page 13 Thursday, August 24, 1967Nashville, North Carolina1 of 2 matches on this page.Previous Next",C:\Users\shakyas\Desktop\ShakyaThinkGround\CONLAW\newspapers_screenshots\certificate_of_need_nc_0011.png
12,https://newscomwc.newspapers.com/image/53045053/?match=1&terms=%22certificate%20of%20need%22&pqsid=1G5w5jPookppD464ShWQFw%3A12564%3A1788838422,,,,,"The Daily Times-News • Page 18 Saturday, September 21, 1968Burlington, North Carolina1 of 2 matches on this page.Previous Next",C:\Users\shakyas\Desktop\ShakyaThinkGround\CONLAW\newspapers_screenshots\certificate_of_need_nc_0012.png
13,https://newscomwc.newspapers.com/image/53045678/?match=1&terms=%22certificate%20of%20need%22&pqsid=1G5w5jPookppD464ShWQFw%3A12564%3A1788838422,,,,,"The Daily Times-News • Page 22 Tuesday, October 1, 1968Burlington, North Carolina1 of 2 matches on this page.Previous Next",C:\Users\shakyas\Desktop\ShakyaThinkGround\CONLAW\newspapers_screenshots\certificate_of_need_nc_0013.png
14,https://newscomwc.newspapers.com/image/53068294/?match=1&terms=%22certificate%20of%20need%22&pqsid=1G5w5jPookppD464ShWQFw%3A12564%3A1788838422,,,,,"The Daily Times-News • Page 6 Monday, July 21, 1969Burlington, North Carolina1 of 2 matches on this page.Previous Next",C:\Users\shakyas\Desktop\ShakyaThinkGround\CONLAW\newspapers_screenshots\certificate_of_need_nc_0014.png
15,https://newscomwc.newspapers.com/image/53070558/?match=1&terms=%22certificate%20of%20need%22&pqsid=1G5w5jPookppD464ShWQFw%3A12564%3A1788838422,,,,,"The Daily Times-News • Page 9 Monday, September 15, 1969Burlington, North Carolina1 of 2 matches on this page.Previous Next",C:\Users\shakyas\Desktop\ShakyaThinkGround\CONLAW\newspapers_screenshots\certificate_of_need_nc_0015.png
16,https://newscomwc.newspapers.com/image/3965214/?match=1&terms=%22certificate%20of%20need%22&pqsid=1G5w5jPookppD464ShWQFw%3A12564%3A1788838422,,,,,"The Gaston Gazette • Page 2 Monday, June 8, 1970Gastonia, North Carolina1 of 2 matches on this page.Previous Next",C:\Users\shakyas\Desktop\ShakyaThinkGround\CONLAW\newspapers_screenshots\certificate_of_need_nc_0016.png
17,https://newscomwc.newspapers.com/image/4314282/?match=1&terms=%22certificate%20of%20need%22&pqsid=1G5w5jPookppD464ShWQFw%3A12564%3A1788838422,,,,,"The Gaston Gazette • Page 16 Friday, August 21, 1970Gastonia, North Carolina1 of 4 matches on this page.Previous Next",C:\Users\shakyas\Desktop\ShakyaThinkGround\CONLAW\newspapers_screenshots\certificate_of_need_nc_0017.png
18,https://newscomwc.newspapers.com/image/340810050/?match=1&terms=%22certificate%20of%20need%22&pqsid=1G5w5jPookppD464ShWQFw%3A12564%3A1788838422,,,,,"Rocky Mount Telegram • Page 5 Wednesday, May 19, 1971Rocky Mount, North Carolina1 of 2 matches on this page.Previous Next",C:\Users\shakyas\Desktop\ShakyaThinkGround\CONLAW\newspapers_screenshots\certificate_of_need_nc_0018.png
19,https://newscomwc.newspapers.com/image/53641278/?match=1&terms=%22certificate%20of%20need%22&pqsid=1G5w5jPookppD464ShWQFw%3A12564%3A1788838422,,,,,"The Daily Times-News • Page 39 Saturday, October 2, 1971Burlington, North Carolina1 of 3 matches on this page.Previous Next",C:\Users\shakyas\Desktop\ShakyaThinkGround\CONLAW\newspapers_screenshots\certificate_of_need_nc_0019.png
20,https://newscomwc.newspapers.com/image/3387988/?match=1&terms=%22certificate%20of%20need%22&pqsid=1G5w5jPookppD464ShWQFw%3A12564%3A1788838422,,,,,"The Gaston Gazette • Page 8 Wednesday, October 20, 1971Gastonia, North Carolina1 of 2 matches on this page.Previous Next",C:\Users\shakyas\Desktop\ShakyaThinkGround\CONLAW\newspapers_screenshots\certificate_of_need_nc_0020.png
21,https://newscomwc.newspapers.com/image/336652716/?match=1&terms=%22certificate%20of%20need%22&pqsid=1G5w5jPookppD464ShWQFw%3A12564%3A1788838422,,,,,"Rocky Mount Telegram • Page 1 Friday, December 3, 1971Rocky Mount, North Carolina1 of 4 matches on this page.Previous Next",C:\Users\shakyas\Desktop\ShakyaThinkGround\CONLAW\newspapers_screenshots\certificate_of_need_nc_0021.png
22,https://newscomwc.newspapers.com/image/336652724/?match=1&terms=%22certificate%20of%20need%22&pqsid=1G5w5jPookppD464ShWQFw%3A12564%3A1788838422,,,,,"Rocky Mount Telegram • Page 2 Friday, December 3, 1971Rocky Mount, North Carolina1 of 2 matches on this page.Previous Next",C:\Users\shakyas\Desktop\ShakyaThinkGround\CONLAW\newspapers_screenshots\certificate_of_need_nc_0022.png
23,https://newscomwc.newspapers.com/image/336654217/?match=1&terms=%22certificate%20of%20need%22&pqsid=1G5w5jPookppD464ShWQFw%3A12564%3A1788838422,,,,,"Rocky Mount Telegram • Page 13 Friday, December 10, 1971Rocky Mount, North Carolina1 of 8 matches on this page.Previous Next",C:\Users\shakyas\Desktop\ShakyaThinkGround\CONLAW\newspapers_screenshots\certificate_of_need_nc_0023.png
24,https://newscomwc.newspapers.com/image/336655074/?match=1&terms=%22certificate%20of%20need%22&pqsid=1G5w5jPookppD464ShWQFw%3A12564%3A1788838422,,,,,"Rocky Mount Telegram • Page 9 Tuesday, December 14, 1971Rocky Mount, North Carolina1 of 6 matches on this page.Previous Next",C:\Users\shakyas\Desktop\ShakyaThinkGround\CONLAW\newspapers_screenshots\certificate_of_need_nc_0024.png
25,https://newscomwc.newspapers.com/image/341048093/?match=1&terms=%22certificate%20of%20need%22&pqsid=1G5w5jPookppD464ShWQFw%3A12564%3A1788838422,,,,,"The Nashville Graphic • Page 1 Thursday, December 16, 1971Nashville, North Carolina1 of 2 matches on this page.Previous Next",C:\Users\shakyas\Desktop\ShakyaThinkGround\CONLAW\newspapers_screenshots\certificate_of_need_nc_0025.png
26,https://newscomwc.newspapers.com/image/336659574/?match=1&terms=%22certificate%20of%20need%22&pqsid=1G5w5jPookppD464ShWQFw%3A12564%3A1788838422,,,,,"Rocky Mount Telegram • Page 1 Friday, December 31, 1971Rocky Mount, North Carolina1 of 10 matches on this page.Previous Next",C:\Users\shakyas\Desktop\ShakyaThinkGround\CONLAW\newspapers_screenshots\certificate_of_need_nc_0026.png
27,https://newscomwc.newspapers.com/image/336655223/?match=1&terms=%22certificate%20of%20need%22&pqsid=1G5w5jPookppD464ShWQFw%3A12564%3A1788838422,,,,,"Rocky Mount Telegram • Page 1 Wednesday, January 5, 1972Rocky Mount, North Carolina1 of 9 matches on this page.Previous Next",C:\Users\shakyas\Desktop\ShakyaThinkGround\CONLAW\newspapers_screenshots\certificate_of_need_nc_0027.png
28,https://newscomwc.newspapers.com/image/341049285/?match=1&terms=%22certificate%20of%20need%22&pqsid=1G5w5jPookppD464ShWQFw%3A12564%3A1788838422,,,,,"The Nashville Graphic • Page 5 Thursday, January 6, 1972Nashville, North Carolina1 of 8 matches on this page.Previous Next",C:\Users\shakyas\Desktop\ShakyaThinkGround\CONLAW\newspapers_screenshots\certificate_of_need_nc_0028.png
29,https://newscomwc.newspapers.com/image/336655597/?match=1&terms=%22certificate%20of%20need%22&pqsid=1G5w5jPookppD464ShWQFw%3A12564%3A1788838422,,,,,"Rocky Mount Telegram • Page 9 Thursday, January 6, 1972Rocky Mount, North Carolina1 of 4 matches on this page.Previous Next",C:\Users\shakyas\Desktop\ShakyaThinkGround\CONLAW\newspapers_screenshots\certificate_of_need_nc_0029.png
30,https://newscomwc.newspapers.com/image/336656238/?match=1&terms=%22certificate%20of%20need%22&pqsid=1G5w5jPookppD464ShWQFw%3A12564%3A1788838422,,,,,"Rocky Mount Telegram • Page 12 Sunday, January 9, 1972Rocky Mount, North Carolina1 of 2 matches on this page.Previous Next",C:\Users\shakyas\Desktop\ShakyaThinkGround\CONLAW\newspapers_screenshots\certificate_of_need_nc_0030.png
31,https://newscomwc.newspapers.com/image/336657689/?match=1&terms=%22certificate%20of%20need%22&pqsid=1G5w5jPookppD464ShWQFw%3A12564%3A1788838422,,,,,"Rocky Mount Telegram • Page 11 Friday, January 14, 1972Rocky Mount, North Carolina1 of 6 matches on this page.Previous Next",C:\Users\shakyas\Desktop\ShakyaThinkGround\CONLAW\newspapers_screenshots\certificate_of_need_nc_0031.png
32,https://newscomwc.newspapers.com/image/336658014/?match=1&terms=%22certificate%20of%20need%22&pqsid=1G5w5jPookppD464ShWQFw%3A12564%3A1788838422,,,,,"Rocky Mount Telegram • Page 4 Sunday, January 16, 1972Rocky Mount, North Carolina1 of 8 matches on this page.Previous Next",C:\Users\shakyas\Desktop\ShakyaThinkGround\CONLAW\newspapers_screenshots\certificate_of_need_nc_0032.png
33,https://newscomwc.newspapers.com/image/336657970/?match=1&terms=%22certificate%20of%20need%22&pqsid=1G5w5jPookppD464ShWQFw%3A12564%3A1788838422,,,,,"Rocky Mount Telegram • Page 1 Sunday, January 16, 1972Rocky Mount, North Carolina1 of 4 matches on this page.Previous Next",C:\Users\shakyas\Desktop\ShakyaThinkGround\CONLAW\newspapers_screenshots\certificate_of_need_nc_0033.png
34,https://newscomwc.newspapers.com/image/341049672/?match=1&terms=%22certificate%20of%20need%22&pqsid=1G5w5jPookppD464ShWQFw%3A12564%3A1788838422,,,,,"The Nashville Graphic • Page 1 Thursday, January 20, 1972Nashville, North Carolina1 of 10 matches on this page.Previous Next",C:\Users\shakyas\Desktop\ShakyaThinkGround\CONLAW\newspapers_screenshots\certificate_of_need_nc_0034.png
35,https://newscomwc.newspapers.com/image/336659080/?match=1&terms=%22certificate%20of%20need%22&pqsid=1G5w5jPookppD464ShWQFw%3A12564%3A1788838422,,,,,"Rocky Mount Telegram • Page 1 Thursday, January 20, 1972Rocky Mount, North Carolina1 of 8 matches on this page.Previous Next",C:\Users\shakyas\Desktop\ShakyaThinkGround\CONLAW\newspapers_screenshots\certificate_of_need_nc_0035.png
36,https://newscomwc.newspapers.com/image/336660489/?match=1&terms=%22certificate%20of%20need%22&pqsid=1G5w5jPookppD464ShWQFw%3A12564%3A1788838422,,,,,"Rocky Mount Telegram • Page 9 Tuesday, January 25, 1972Rocky Mount, North Carolina1 of 2 matches on this page.Previous Next",C:\Users\shakyas\Desktop\ShakyaThinkGround\CONLAW\newspapers_screenshots\certificate_of_need_nc_0036.png
37,https://newscomwc.newspapers.com/image/341049999/?match=1&terms=%22certificate%20of%20need%22&pqsid=1G5w5jPookppD464ShWQFw%3A12564%3A1788838422,,,,,"The Nashville Graphic • Page 9 Thursday, January 27, 1972Nashville, North Carolina1 of 8 matches on this page.Previous Next",C:\Users\shakyas\Desktop\ShakyaThinkGround\CONLAW\newspapers_screenshots\certificate_of_need_nc_0037.png
38,https://newscomwc.newspapers.com/image/336661777/?match=1&terms=%22certificate%20of%20need%22&pqsid=1G5w5jPookppD464ShWQFw%3A12564%3A1788838422,,,,,"Rocky Mount Telegram • Page 15 Sunday, January 30, 1972Rocky Mount, North Carolina1 of 2 matches on this page.Previous Next",C:\Users\shakyas\Desktop\ShakyaThinkGround\CONLAW\newspapers_screenshots\certificate_of_need_nc_0038.png
39,https://newscomwc.newspapers.com/image/340297636/?match=1&terms=%22certificate%20of%20need%22&pqsid=1G5w5jPookppD464ShWQFw%3A12564%3A1788838422,,,,,"Rocky Mount Telegram • Page 6 Thursday, February 10, 1972Rocky Mount, North Carolina1 of 4 matches on this page.Previous Next",C:\Users\shakyas\Desktop\ShakyaThinkGround\CONLAW\newspapers_screenshots\certificate_of_need_nc_0039.png
40,https://newscomwc.newspapers.com/image/340298062/?match=1&terms=%22certificate%20of%20need%22&pqsid=1G5w5jPookppD464ShWQFw%3A12564%3A1788838422,,,,,"Rocky Mount Telegram • Page 9 Friday, February 11, 1972Rocky Mount, North Carolina1 of 8 matches on this page.Previous Next",C:\Users\shakyas\Desktop\ShakyaThinkGround\CONLAW\newspapers_screenshots\certificate_of_need_nc_0040.png
41,https://newscomwc.newspapers.com/image/340298994/?match=1&terms=%22certificate%20of%20need%22&pqsid=1G5w5jPookppD464ShWQFw%3A12564%3A1788838422,,,,,"Rocky Mount Telegram • Page 12 Wednesday, February 16, 1972Rocky Mount, North Carolina1 of 2 matches on this page.Previous Next",C:\Users\shakyas\Desktop\ShakyaThinkGround\CONLAW\newspapers_screenshots\certificate_of_need_nc_0041.png
42,https://newscomwc.newspapers.com/image/4326747/?match=1&terms=%22certificate%20of%20need%22&pqsid=1G5w5jPookppD464ShWQFw%3A12564%3A1788838422,,,,,"The Gaston Gazette • Page 15 Saturday, February 19, 1972Gastonia, North Carolina1 of 2 matches on this page.Previous Next",C:\Users\shakyas\Desktop\ShakyaThinkGround\CONLAW\newspapers_screenshots\certificate_of_need_nc_0042.png
43,https://newscomwc.newspapers.com/image/53561191/?match=1&terms=%22certificate%20of%20need%22&pqsid=1G5w5jPookppD464ShWQFw%3A12564%3A1788838422,,,,,"The Daily Times-News • Page 6 Monday, February 28, 1972Burlington, North Carolina1 of 2 matches on this page.Previous Next",C:\Users\shakyas\Desktop\ShakyaThinkGround\CONLAW\newspapers_screenshots\certificate_of_need_nc_0043.png
44,https://newscomwc.newspapers.com/image/4210240/?match=1&terms=%22certificate%20of%20need%22&pqsid=1G5w5jPookppD464ShWQFw%3A12564%3A1788838422,,,,,"The Gaston Gazette • Page 13 Wednesday, March 1, 1972Gastonia, North Carolina1 of 2 matches on this page.Previous Next",C:\Users\shakyas\Desktop\ShakyaThinkGround\CONLAW\newspapers_screenshots\certificate_of_need_nc_0044.png
45,https://newscomwc.newspapers.com/image/336650912/?match=1&terms=%22certificate%20of%20need%22&pqsid=1G5w5jPookppD464ShWQFw%3A12564%3A1788838422,,,,,"Rocky Mount Telegram • Page 9 Thursday, March 2, 1972Rocky Mount, North Carolina1 of 4 matches on this page.Previous Next",C:\Users\shakyas\Desktop\ShakyaThinkGround\CONLAW\newspapers_screenshots\certificate_of_need_nc_0045.png
46,https://newscomwc.newspapers.com/image/4333570/?match=1&terms=%22certificate%20of%20need%22&pqsid=1G5w5jPookppD464ShWQFw%3A12564%3A1788838422,,,,,"The Gaston Gazette • Page 18 Friday, March 3, 1972Gastonia, North Carolina1 of 4 matches on this page.Previous Next",C:\Users\shakyas\Desktop\ShakyaThinkGround\CONLAW\newspapers_screenshots\certificate_of_need_nc_0046.png
47,https://newscomwc.newspapers.com/image/4335395/?match=1&terms=%22certificate%20of%20need%22&pqsid=1G5w5jPookppD464ShWQFw%3A12564%3A1788838422,,,,,"The Gaston Gazette • Page 15 Monday, March 6, 1972Gastonia, North Carolina1 of 2 matches on this page.Previous Next",C:\Users\shakyas\Desktop\ShakyaThinkGround\CONLAW\newspapers_screenshots\certificate_of_need_nc_0047.png
48,https://newscomwc.newspapers.com/image/336778750/?match=1&terms=%22certificate%20of%20need%22&pqsid=1G5w5jPookppD464ShWQFw%3A12564%3A1788838422,,,,,"Rocky Mount Telegram • Page 8 Thursday, May 4, 1972Rocky Mount, North Carolina1 of 4 matches on this page.Previous Next",C:\Users\shakyas\Desktop\ShakyaThinkGround\CONLAW\newspapers_screenshots\certificate_of_need_nc_0048.png
49,https://newscomwc.newspapers.com/image/336779102/?match=1&terms=%22certificate%20of%20need%22&pqsid=1G5w5jPookppD464ShWQFw%3A12564%3A1788838422,,,,,"Rocky Mount Telegram • Page 13 Friday, May 5, 1972Rocky Mount, North Carolina1 of 8 matches on this page.Previous Next",C:\Users\shakyas\Desktop\ShakyaThinkGround\CONLAW\newspapers_screenshots\certificate_of_need_nc_0049.png
50,https://newscomwc.newspapers.com/image/336779212/?match=1&terms=%22certificate%20of%20need%22&pqsid=1G5w5jPookppD464ShWQFw%3A12564%3A1788838422,,,,,"Rocky Mount Telegram • Page 3 Saturday, May 6, 1972Rocky Mount, North Carolina1 of 8 matches on this page.Previous Next",C:\Users\shakyas\Desktop\ShakyaThinkGround\CONLAW\newspapers_screenshots\certificate_of_need_nc_0050.png
51,https://newscomwc.newspapers.com/image/17083609/?match=1&terms=%22certificate%20of%20need%22&pqsid=1G5w5jPookppD464ShWQFw%3A12564%3A1788838422,,,,,"The Gaston Gazette • Page 7 Wednesday, May 10, 1972Gastonia, North Carolina1 of 2 matches on this page.Previous Next",C:\Users\shakyas\Desktop\ShakyaThinkGround\CONLAW\newspapers_screenshots\certificate_of_need_nc_0051.png
52,https://newscomwc.newspapers.com/image/341054030/?match=1&terms=%22certificate%20of%20need%22&pqsid=1G5w5jPookppD464ShWQFw%3A12564%3A1788838422,,,,,"The Nashville Graphic • Page 20 Thursday, May 11, 1972Nashville, North Carolina1 of 6 matches on this page.Previous Next",C:\Users\shakyas\Desktop\ShakyaThinkGround\CONLAW\newspapers_screenshots\certificate_of_need_nc_0052.png
53,https://newscomwc.newspapers.com/image/341054081/?match=1&terms=%22certificate%20of%20need%22&pqsid=1G5w5jPookppD464ShWQFw%3A12564%3A1788838422,,,,,"The Nashville Graphic • Page 4 Thursday, May 18, 1972Nashville, North Carolina1 of 4 matches on this page.Previous Next",C:\Users\shakyas\Desktop\ShakyaThinkGround\CONLAW\newspapers_screenshots\certificate_of_need_nc_0053.png
54,https://newscomwc.newspapers.com/image/4364464/?match=1&terms=%22certificate%20of%20need%22&pqsid=1G5w5jPookppD464ShWQFw%3A12564%3A1788838422,,,,,"The Gaston Gazette • Page 23 Tuesday, July 25, 1972Gastonia, North Carolina1 of 2 matches on this page.Previous Next",C:\Users\shakyas\Desktop\ShakyaThinkGround\CONLAW\newspapers_screenshots\certificate_of_need_nc_0054.png
55,https://newscomwc.newspapers.com/image/336693313/?match=1&terms=%22certificate%20of%20need%22&pqsid=1G5w5jPookppD464ShWQFw%3A12564%3A1788838422,,,,,"Rocky Mount Telegram • Page 3 Friday, August 4, 1972Rocky Mount, North Carolina1 of 2 matches on this page.Previous Next",C:\Users\shakyas\Desktop\ShakyaThinkGround\CONLAW\newspapers_screenshots\certificate_of_need_nc_0055.png
56,https://newscomwc.newspapers.com/image/53598371/?match=1&terms=%22certificate%20of%20need%22&pqsid=1G5w5jPookppD464ShWQFw%3A12564%3A1788838422,,,,,"The Daily Times-News • Page 19 Friday, August 4, 1972Burlington, North Carolina1 of 2 matches on this page.Previous Next",C:\Users\shakyas\Desktop\ShakyaThinkGround\CONLAW\newspapers_screenshots\certificate_of_need_nc_0056.png
57,https://newscomwc.newspapers.com/image/336699745/?match=1&terms=%22certificate%20of%20need%22&pqsid=1G5w5jPookppD464ShWQFw%3A12564%3A1788838422,,,,,"Rocky Mount Telegram • Page 1 Wednesday, October 11, 1972Rocky Mount, North Carolina1 of 2 matches on this page.Previous Next",C:\Users\shakyas\Desktop\ShakyaThinkGround\CONLAW\newspapers_screenshots\certificate_of_need_nc_0057.png
58,https://newscomwc.newspapers.com/image/53618691/?match=1&terms=%22certificate%20of%20need%22&pqsid=1G5w5jPookppD464ShWQFw%3A12564%3A1788838422,,,,,"The Daily Times-News • Page 21 Wednesday, October 11, 1972Burlington, North Carolina1 of 2 matches on this page.Previous Next",C:\Users\shakyas\Desktop\ShakyaThinkGround\CONLAW\newspapers_screenshots\certificate_of_need_nc_0058.png
59,https://newscomwc.newspapers.com/image/336709689/?match=1&terms=%22certificate%20of%20need%22&pqsid=1G5w5jPookppD464ShWQFw%3A12564%3A1788838422,,,,,"Rocky Mount Telegram • Page 1 Wednesday, December 13, 1972Rocky Mount, North Carolina1 of 4 matches on this page.Previous Next",C:\Users\shakyas\Desktop\ShakyaThinkGround\CONLAW\newspapers_screenshots\certificate_of_need_nc_0059.png
60,https://newscomwc.newspapers.com/image/19956975/?match=1&terms=%22certificate%20of%20need%22&pqsid=1G5w5jPookppD464ShWQFw%3A12564%3A1788838422,,,,,"The Gaston Gazette • Page 28 Wednesday, December 13, 1972Gastonia, North Carolina1 of 2 matches on this page.Previous Next",C:\Users\shakyas\Desktop\ShakyaThinkGround\CONLAW\newspapers_screenshots\certificate_of_need_nc_0060.png
61,https://newscomwc.newspapers.com/image/53635767/?match=1&terms=%22certificate%20of%20need%22&pqsid=1G5w5jPookppD464ShWQFw%3A12564%3A1788838422,,,,,"The Daily Times-News • Page 45 Wednesday, December 13, 1972Burlington, North Carolina1 of 2 matches on this page.Previous Next",C:\Users\shakyas\Desktop\ShakyaThinkGround\CONLAW\newspapers_screenshots\certificate_of_need_nc_0061.png
62,https://newscomwc.newspapers.com/image/341148565/?match=1&terms=%22certificate%20of%20need%22&pqsid=1G5w5jPookppD464ShWQFw%3A12564%3A1788838422,,,,,"The Nashville Graphic • Page 9 Thursday, December 28, 1972Nashville, North Carolina1 of 2 matches on this page.Previous Next",C:\Users\shakyas\Desktop\ShakyaThinkGround\CONLAW\newspapers_screenshots\certificate_of_need_nc_0062.png
63,https://newscomwc.newspapers.com/image/336773111/?match=1&terms=%22certificate%20of%20need%22&pqsid=1G5w5jPookppD464ShWQFw%3A12564%3A1788838422,,,,,"Rocky Mount Telegram • Page 1 Saturday, January 27, 1973Rocky Mount, North Carolina1 of 6 matches on this page.Previous Next",C:\Users\shakyas\Desktop\ShakyaThinkGround\CONLAW\newspapers_screenshots\certificate_of_need_nc_0063.png
64,https://newscomwc.newspapers.com/image/341149431/?match=1&terms=%22certificate%20of%20need%22&pqsid=1G5w5jPookppD464ShWQFw%3A12564%3A1788838422,,,,,"The Nashville Graphic • Page 4 Thursday, February 1, 1973Nashville, North Carolina1 of 2 matches on this page.Previous Next",C:\Users\shakyas\Desktop\ShakyaThinkGround\CONLAW\newspapers_screenshots\certificate_of_need_nc_0064.png
65,https://newscomwc.newspapers.com/image/336692976/?match=1&terms=%22certificate%20of%20need%22&pqsid=1G5w5jPookppD464ShWQFw%3A12564%3A1788838422,,,,,"Rocky Mount Telegram • Page 3 Tuesday, February 20, 1973Rocky Mount, North Carolina1 of 2 matches on this page.Previous Next",C:\Users\shakyas\Desktop\ShakyaThinkGround\CONLAW\newspapers_screenshots\certificate_of_need_nc_0065.png
66,https://newscomwc.newspapers.com/image/53562249/?match=1&terms=%22certificate%20of%20need%22&pqsid=1G5w5jPookppD464ShWQFw%3A12564%3A1788838422,,,,,"The Daily Times-News • Page 17 Tuesday, February 20, 1973Burlington, North Carolina1 of 2 matches on this page.Previous Next",C:\Users\shakyas\Desktop\ShakyaThinkGround\CONLAW\newspapers_screenshots\certificate_of_need_nc_0066.png
67,https://newscomwc.newspapers.com/image/341162846/?match=1&terms=%22certificate%20of%20need%22&pqsid=1G5w5jPookppD464ShWQFw%3A12564%3A1788838422,,,,,"The Nashville Graphic • Page 1 Tuesday, October 23, 1973Nashville, North Carolina1 of 2 matches on this page.Previous Next",C:\Users\shakyas\Desktop\ShakyaThinkGround\CONLAW\newspapers_screenshots\certificate_of_need_nc_0067.png
68,https://newscomwc.newspapers.com/image/53590119/?match=1&terms=%22certificate%20of%20need%22&pqsid=1G5w5jPookppD464ShWQFw%3A12564%3A1788838422,,,,,"The Daily Times-News • Page 3 Monday, March 4, 1974Burlington, North Carolina1 of 2 matches on this page.Previous Next",C:\Users\shakyas\Desktop\ShakyaThinkGround\CONLAW\newspapers_screenshots\certificate_of_need_nc_0068.png
69,https://newscomwc.newspapers.com/image/336737631/?match=1&terms=%22certificate%20of%20need%22&pqsid=1G5w5jPookppD464ShWQFw%3A12564%3A1788838422,,,,,"Rocky Mount Telegram • Page 29 Thursday, July 3, 1975Rocky Mount, North Carolina1 of 2 matches on this page.Previous Next",C:\Users\shakyas\Desktop\ShakyaThinkGround\CONLAW\newspapers_screenshots\certificate_of_need_nc_0069.png
70,https://newscomwc.newspapers.com/image/43317169/?match=1&terms=%22certificate%20of%20need%22&pqsid=1G5w5jPookppD464ShWQFw%3A12564%3A1788838422,,,,,"The Robesonian • Page 14 Wednesday, April 7, 1976Lumberton, North Carolina1 of 2 matches on this page.Previous Next",C:\Users\shakyas\Desktop\ShakyaThinkGround\CONLAW\newspapers_screenshots\certificate_of_need_nc_0070.png
71,https://newscomwc.newspapers.com/image/43319560/?match=1&terms=%22certificate%20of%20need%22&pqsid=1G5w5jPookppD464ShWQFw%3A12564%3A1788838422,,,,,"The Robesonian • Page 11 Friday, April 23, 1976Lumberton, North Carolina1 of 2 matches on this page.Previous Next",C:\Users\shakyas\Desktop\ShakyaThinkGround\CONLAW\newspapers_screenshots\certificate_of_need_nc_0071.png
72,https://newscomwc.newspapers.com/image/43326688/?match=1&terms=%22certificate%20of%20need%22&pqsid=1G5w5jPookppD464ShWQFw%3A12564%3A1788838422,,,,,"The Robesonian • Page 28 Monday, June 7, 1976Lumberton, North Carolina1 of 2 matches on this page.Previous Next",C:\Users\shakyas\Desktop\ShakyaThinkGround\CONLAW\newspapers_screenshots\certificate_of_need_nc_0072.png
73,https://newscomwc.newspapers.com/image/341176419/?match=1&terms=%22certificate%20of%20need%22&pqsid=1G5w5jPookppD464ShWQFw%3A12564%3A1788838422,,,,,"The Nashville Graphic • Page 26 Tuesday, June 8, 1976Nashville, North Carolina1 of 2 matches on this page.Previous Next",C:\Users\shakyas\Desktop\ShakyaThinkGround\CONLAW\newspapers_screenshots\certificate_of_need_nc_0073.png
74,https://newscomwc.newspapers.com/image/341180067/?match=1&terms=%22certificate%20of%20need%22&pqsid=1G5w5jPookppD464ShWQFw%3A12564%3A1788838422,,,,,"The Nashville Graphic • Page 6 Tuesday, August 2, 1977Nashville, North Carolina1 of 2 matches on this page.Previous Next",C:\Users\shakyas\Desktop\ShakyaThinkGround\CONLAW\newspapers_screenshots\certificate_of_need_nc_0074.png
75,https://newscomwc.newspapers.com/image/337043832/?match=1&terms=%22certificate%20of%20need%22&pqsid=1G5w5jPookppD464ShWQFw%3A12564%3A1788838422,,,,,"Rocky Mount Telegram • Page 11 Thursday, August 4, 1977Rocky Mount, North Carolina1 of 2 matches on this page.Previous Next",C:\Users\shakyas\Desktop\ShakyaThinkGround\CONLAW\newspapers_screenshots\certificate_of_need_nc_0075.png
76,https://newscomwc.newspapers.com/image/337103272/?match=1&terms=%22certificate%20of%20need%22&pqsid=1G5w5jPookppD464ShWQFw%3A12564%3A1788838422,,,,,"Rocky Mount Telegram • Page 11 Friday, November 25, 1977Rocky Mount, North Carolina1 of 4 matches on this page.Previous Next",C:\Users\shakyas\Desktop\ShakyaThinkGround\CONLAW\newspapers_screenshots\certificate_of_need_nc_0076.png
77,https://newscomwc.newspapers.com/image/337061675/?match=1&terms=%22certificate%20of%20need%22&pqsid=1G5w5jPookppD464ShWQFw%3A12564%3A1788838422,,,,,"Rocky Mount Telegram • Page 15 Wednesday, January 4, 1978Rocky Mount, North Carolina1 of 4 matches on this page.Previous Next",C:\Users\shakyas\Desktop\ShakyaThinkGround\CONLAW\newspapers_screenshots\certificate_of_need_nc_0077.png
78,https://newscomwc.newspapers.com/image/337063302/?match=1&terms=%22certificate%20of%20need%22&pqsid=1G5w5jPookppD464ShWQFw%3A12564%3A1788838422,,,,,"Rocky Mount Telegram • Page 24 Sunday, January 8, 1978Rocky Mount, North Carolina1 of 2 matches on this page.Previous Next",C:\Users\shakyas\Desktop\ShakyaThinkGround\CONLAW\newspapers_screenshots\certificate_of_need_nc_0078.png
79,https://newscomwc.newspapers.com/image/337066083/?match=1&terms=%22certificate%20of%20need%22&pqsid=1G5w5jPookppD464ShWQFw%3A12564%3A1788838422,,,,,"Rocky Mount Telegram • Page 5 Saturday, February 18, 1978Rocky Mount, North Carolina1 of 2 matches on this page.Previous Next",C:\Users\shakyas\Desktop\ShakyaThinkGround\CONLAW\newspapers_screenshots\certificate_of_need_nc_0079.png
80,https://newscomwc.newspapers.com/image/337076261/?match=1&terms=%22certificate%20of%20need%22&pqsid=1G5w5jPookppD464ShWQFw%3A12564%3A1788838422,,,,,"Rocky Mount Telegram • Page 9 Friday, March 10, 1978Rocky Mount, North Carolina1 of 2 matches on this page.Previous Next",C:\Users\shakyas\Desktop\ShakyaThinkGround\CONLAW\newspapers_screenshots\certificate_of_need_nc_0080.png
81,https://newscomwc.newspapers.com/image/337081168/?match=1&terms=%22certificate%20of%20need%22&pqsid=1G5w5jPookppD464ShWQFw%3A12564%3A1788838422,,,,,"Rocky Mount Telegram • Page 4 Friday, March 17, 1978Rocky Mount, North Carolina1 of 6 matches on this page.Previous Next",C:\Users\shakyas\Desktop\ShakyaThinkGround\CONLAW\newspapers_screenshots\certificate_of_need_nc_0081.png
82,https://newscomwc.newspapers.com/image/337083841/?match=1&terms=%22certificate%20of%20need%22&pqsid=1G5w5jPookppD464ShWQFw%3A12564%3A1788838422,,,,,"Rocky Mount Telegram • Page 4 Wednesday, March 22, 1978Rocky Mount, North Carolina1 of 6 matches on this page.Previous Next",C:\Users\shakyas\Desktop\ShakyaThinkGround\CONLAW\newspapers_screenshots\certificate_of_need_nc_0082.png
83,https://newscomwc.newspapers.com/image/337081776/?match=1&terms=%22certificate%20of%20need%22&pqsid=1G5w5jPookppD464ShWQFw%3A12564%3A1788838422,,,,,"Rocky Mount Telegram • Page 1 Thursday, April 13, 1978Rocky Mount, North Carolina1 of 2 matches on this page.Previous Next",C:\Users\shakyas\Desktop\ShakyaThinkGround\CONLAW\newspapers_screenshots\certificate_of_need_nc_0083.png
84,https://newscomwc.newspapers.com/image/337086439/?match=1&terms=%22certificate%20of%20need%22&pqsid=1G5w5jPookppD464ShWQFw%3A12564%3A1788838422,,,,,"Rocky Mount Telegram • Page 8 Tuesday, April 18, 1978Rocky Mount, North Carolina1 of 4 matches on this page.Previous Next",C:\Users\shakyas\Desktop\ShakyaThinkGround\CONLAW\newspapers_screenshots\certificate_of_need_nc_0084.png
85,https://newscomwc.newspapers.com/image/337088636/?match=1&terms=%22certificate%20of%20need%22&pqsid=1G5w5jPookppD464ShWQFw%3A12564%3A1788838422,,,,,"Rocky Mount Telegram • Page 4 Friday, April 21, 1978Rocky Mount, North Carolina1 of 10 matches on this page.Previous Next",C:\Users\shakyas\Desktop\ShakyaThinkGround\CONLAW\newspapers_screenshots\certificate_of_need_nc_0085.png
86,https://newscomwc.newspapers.com/image/337090754/?match=1&terms=%22certificate%20of%20need%22&pqsid=1G5w5jPookppD464ShWQFw%3A12564%3A1788838422,,,,,"Rocky Mount Telegram • Page 2 Tuesday, April 25, 1978Rocky Mount, North Carolina1 of 2 matches on this page.Previous Next",C:\Users\shakyas\Desktop\ShakyaThinkGround\CONLAW\newspapers_screenshots\certificate_of_need_nc_0086.png
87,https://newscomwc.newspapers.com/image/337143423/?match=1&terms=%22certificate%20of%20need%22&pqsid=1G5w5jPookppD464ShWQFw%3A12564%3A1788838422,,,,,"Rocky Mount Telegram • Page 4 Tuesday, June 6, 1978Rocky Mount, North Carolina1 of 2 matches on this page.Previous Next",C:\Users\shakyas\Desktop\ShakyaThinkGround\CONLAW\newspapers_screenshots\certificate_of_need_nc_0087.png
88,https://newscomwc.newspapers.com/image/337147757/?match=1&terms=%22certificate%20of%20need%22&pqsid=1G5w5jPookppD464ShWQFw%3A12564%3A1788838422,,,,,"Rocky Mount Telegram • Page 1 Tuesday, June 13, 1978Rocky Mount, North Carolina1 of 6 matches on this page.Previous Next",C:\Users\shakyas\Desktop\ShakyaThinkGround\CONLAW\newspapers_screenshots\certificate_of_need_nc_0088.png
89,https://newscomwc.newspapers.com/image/337147856/?match=1&terms=%22certificate%20of%20need%22&pqsid=1G5w5jPookppD464ShWQFw%3A12564%3A1788838422,,,,,"Rocky Mount Telegram • Page 8 Tuesday, June 13, 1978Rocky Mount, North Carolina1 of 4 matches on this page.Previous Next",C:\Users\shakyas\Desktop\ShakyaThinkGround\CONLAW\newspapers_screenshots\certificate_of_need_nc_0089.png
90,https://newscomwc.newspapers.com/image/337148229/?match=1&terms=%22certificate%20of%20need%22&pqsid=1G5w5jPookppD464ShWQFw%3A12564%3A1788838422,,,,,"Rocky Mount Telegram • Page 12 Wednesday, June 14, 1978Rocky Mount, North Carolina1 of 2 matches on this page.Previous Next",C:\Users\shakyas\Desktop\ShakyaThinkGround\CONLAW\newspapers_screenshots\certificate_of_need_nc_0090.png
91,https://newscomwc.newspapers.com/image/337196935/?match=1&terms=%22certificate%20of%20need%22&pqsid=1G5w5jPookppD464ShWQFw%3A12564%3A1788838422,,,,,"Rocky Mount Telegram • Page 73 Sunday, December 17, 1978Rocky Mount, North Carolina1 of 2 matches on this page.Previous Next",C:\Users\shakyas\Desktop\ShakyaThinkGround\CONLAW\newspapers_screenshots\certificate_of_need_nc_0091.png
92,https://newscomwc.newspapers.com/image/336599614/?match=1&terms=%22certificate%20of%20need%22&pqsid=1G5w5jPookppD464ShWQFw%3A12564%3A1788838422,,,,,"Rocky Mount Telegram • Page 7 Thursday, January 18, 1979Rocky Mount, North Carolina1 of 2 matches on this page.Previous Next",C:\Users\shakyas\Desktop\ShakyaThinkGround\CONLAW\newspapers_screenshots\certificate_of_need_nc_0092.png
93,https://newscomwc.newspapers.com/image/336586270/?match=1&terms=%22certificate%20of%20need%22&pqsid=1G5w5jPookppD464ShWQFw%3A12564%3A1788838422,,,,,"Rocky Mount Telegram • Page 6 Monday, March 5, 1979Rocky Mount, North Carolina1 of 2 matches on this page.Previous Next",C:\Users\shakyas\Desktop\ShakyaThinkGround\CONLAW\newspapers_screenshots\certificate_of_need_nc_0093.png
94,https://newscomwc.newspapers.com/image/337144010/?match=1&terms=%22certificate%20of%20need%22&pqsid=1G5w5jPookppD464ShWQFw%3A12564%3A1788838422,,,,,"Rocky Mount Telegram • Page 4 Tuesday, May 1, 1979Rocky Mount, North Carolina1 of 2 matches on this page.Previous Next",C:\Users\shakyas\Desktop\ShakyaThinkGround\CONLAW\newspapers_screenshots\certificate_of_need_nc_0094.png
95,https://newscomwc.newspapers.com/image/337101884/?match=1&terms=%22certificate%20of%20need%22&pqsid=1G5w5jPookppD464ShWQFw%3A12564%3A1788838422,,,,,"Rocky Mount Telegram • Page 18 Sunday, January 13, 1980Rocky Mount, North Carolina1 of 2 matches on this page.Previous Next",C:\Users\shakyas\Desktop\ShakyaThinkGround\CONLAW\newspapers_screenshots\certificate_of_need_nc_0095.png
96,https://newscomwc.newspapers.com/image/341202110/?match=1&terms=%22certificate%20of%20need%22&pqsid=1G5w5jPookppD464ShWQFw%3A12564%3A1788838422,,,,,"The Nashville Graphic • Page 17 Thursday, May 15, 1980Nashville, North Carolina1 of 2 matches on this page.Previous Next",C:\Users\shakyas\Desktop\ShakyaThinkGround\CONLAW\newspapers_screenshots\certificate_of_need_nc_0096.png
97,https://newscomwc.newspapers.com/image/341202337/?match=1&terms=%22certificate%20of%20need%22&pqsid=1G5w5jPookppD464ShWQFw%3A12564%3A1788838422,,,,,"The Nashville Graphic • Page 12 Tuesday, May 20, 1980Nashville, North Carolina1 of 2 matches on this page.Previous Next",C:\Users\shakyas\Desktop\ShakyaThinkGround\CONLAW\newspapers_screenshots\certificate_of_need_nc_0097.png
98,https://newscomwc.newspapers.com/image/337167527/?match=1&terms=%22certificate%20of%20need%22&pqsid=1G5w5jPookppD464ShWQFw%3A12564%3A1788838422,,,,,"Rocky Mount Telegram • Page 9 Monday, June 30, 1980Rocky Mount, North Carolina1 of 2 matches on this page.Previous Next",C:\Users\shakyas\Desktop\ShakyaThinkGround\CONLAW\newspapers_screenshots\certificate_of_need_nc_0098.png
99,https://newscomwc.newspapers.com/image/337146919/?match=1&terms=%22certificate%20of%20need%22&pqsid=1G5w5jPookppD464ShWQFw%3A12564%3A1788838422,,,,,"Rocky Mount Telegram • Page 1 Tuesday, July 8, 1980Rocky Mount, North Carolina1 of 4 matches on this page.Previous Next",C:\Users\shakyas\Desktop\ShakyaThinkGround\CONLAW\newspapers_screenshots\certificate_of_need_nc_0099.png
100,https://newscomwc.newspapers.com/image/341205091/?match=1&terms=%22certificate%20of%20need%22&pqsid=1G5w5jPookppD464ShWQFw%3A12564%3A1788838422,,,,,"The Nashville Graphic • Page 1 Tuesday, July 8, 1980Nashville, North Carolina1 of 2 matches on this page.Previous Next",C:\Users\shakyas\Desktop\ShakyaThinkGround\CONLAW\newspapers_screenshots\certificate_of_need_nc_0100.png
101,https://newscomwc.newspapers.com/image/341205182/?match=1&terms=%22certificate%20of%20need%22&pqsid=1G5w5jPookppD464ShWQFw%3A12564%3A1788838422,,,,,"The Nashville Graphic • Page 8 Tuesday, July 8, 1980Nashville, North Carolina1 of 2 matches on this page.Previous Next",C:\Users\shakyas\Desktop\ShakyaThinkGround\CONLAW\newspapers_screenshots\certificate_of_need_nc_0101.png
102,https://newscomwc.newspapers.com/image/337156425/?match=1&terms=%22certificate%20of%20need%22&pqsid=1G5w5jPookppD464ShWQFw%3A12564%3A1788838422,,,,,"Rocky Mount Telegram • Page 2 Tuesday, July 29, 1980Rocky Mount, North Carolina1 of 6 matches on this page.Previous Next",C:\Users\shakyas\Desktop\ShakyaThinkGround\CONLAW\newspapers_screenshots\certificate_of_need_nc_0102.png
103,https://newscomwc.newspapers.com/image/337157132/?match=1&terms=%22certificate%20of%20need%22&pqsid=1G5w5jPookppD464ShWQFw%3A12564%3A1788838422,,,,,"Rocky Mount Telegram • Page 36 Wednesday, July 30, 1980Rocky Mount, North Carolina1 of 2 matches on this page.Previous Next",C:\Users\shakyas\Desktop\ShakyaThinkGround\CONLAW\newspapers_screenshots\certificate_of_need_nc_0103.png
104,https://newscomwc.newspapers.com/image/337139980/?match=1&terms=%22certificate%20of%20need%22&pqsid=1G5w5jPookppD464ShWQFw%3A12564%3A1788838422,,,,,"Rocky Mount Telegram • Page 2 Tuesday, September 23, 1980Rocky Mount, North Carolina1 of 2 matches on this page.Previous Next",C:\Users\shakyas\Desktop\ShakyaThinkGround\CONLAW\newspapers_screenshots\certificate_of_need_nc_0104.png
105,https://newscomwc.newspapers.com/image/337139213/?match=1&terms=%22certificate%20of%20need%22&pqsid=1G5w5jPookppD464ShWQFw%3A12564%3A1788838422,,,,,"Rocky Mount Telegram • Page 11 Friday, October 10, 1980Rocky Mount, North Carolina1 of 2 matches on this page.Previous Next",C:\Users\shakyas\Desktop\ShakyaThinkGround\CONLAW\newspapers_screenshots\certificate_of_need_nc_0105.png
106,https://newscomwc.newspapers.com/image/337124666/?match=1&terms=%22certificate%20of%20need%22&pqsid=1G5w5jPookppD464ShWQFw%3A12564%3A1788838422,,,,,"Rocky Mount Telegram • Page 1 Tuesday, November 11, 1980Rocky Mount, North Carolina1 of 2 matches on this page.Previous Next",C:\Users\shakyas\Desktop\ShakyaThinkGround\CONLAW\newspapers_screenshots\certificate_of_need_nc_0106.png
107,https://newscomwc.newspapers.com/image/337126482/?match=1&terms=%22certificate%20of%20need%22&pqsid=1G5w5jPookppD464ShWQFw%3A12564%3A1788838422,,,,,"Rocky Mount Telegram • Page 11 Saturday, November 15, 1980Rocky Mount, North Carolina1 of 3 matches on this page.Previous Next",C:\Users\shakyas\Desktop\ShakyaThinkGround\CONLAW\newspapers_screenshots\certificate_of_need_nc_0107.png
108,https://newscomwc.newspapers.com/image/337127273/?match=1&terms=%22certificate%20of%20need%22&pqsid=1G5w5jPookppD464ShWQFw%3A12564%3A1788838422,,,,,"Rocky Mount Telegram • Page 11 Saturday, November 22, 1980Rocky Mount, North Carolina1 of 8 matches on this page.Previous Next",C:\Users\shakyas\Desktop\ShakyaThinkGround\CONLAW\newspapers_screenshots\certificate_of_need_nc_0108.png
109,https://newscomwc.newspapers.com/image/341222147/?match=1&terms=%22certificate%20of%20need%22&pqsid=1G5w5jPookppD464ShWQFw%3A12564%3A1788838422,,,,,"The Nashville Graphic • Page 1 Tuesday, December 16, 1980Nashville, North Carolina1 of 4 matches on this page.Previous Next",C:\Users\shakyas\Desktop\ShakyaThinkGround\CONLAW\newspapers_screenshots\certificate_of_need_nc_0109.png
110,https://newscomwc.newspapers.com/image/337165614/?match=1&terms=%22certificate%20of%20need%22&pqsid=1G5w5jPookppD464ShWQFw%3A12564%3A1788838422,,,,,"Rocky Mount Telegram • Page 10 Wednesday, December 17, 1980Rocky Mount, North Carolina1 of 2 matches on this page.Previous Next",C:\Users\shakyas\Desktop\ShakyaThinkGround\CONLAW\newspapers_screenshots\certificate_of_need_nc_0110.png
111,https://newscomwc.newspapers.com/image/337391220/?match=1&terms=%22certificate%20of%20need%22&pqsid=1G5w5jPookppD464ShWQFw%3A12564%3A1788838422,,,,,"Rocky Mount Telegram • Page 9 Friday, January 16, 1981Rocky Mount, North Carolina1 of 2 matches on this page.Previous Next",C:\Users\shakyas\Desktop\ShakyaThinkGround\CONLAW\newspapers_screenshots\certificate_of_need_nc_0111.png
112,https://newscomwc.newspapers.com/image/341225011/?match=1&terms=%22certificate%20of%20need%22&pqsid=1G5w5jPookppD464ShWQFw%3A12564%3A1788838422,,,,,"The Nashville Graphic • Page 1 Tuesday, February 3, 1981Nashville, North Carolina1 of 2 matches on this page.Previous Next",C:\Users\shakyas\Desktop\ShakyaThinkGround\CONLAW\newspapers_screenshots\certificate_of_need_nc_0112.png
113,https://newscomwc.newspapers.com/image/341225113/?match=1&terms=%22certificate%20of%20need%22&pqsid=1G5w5jPookppD464ShWQFw%3A12564%3A1788838422,,,,,"The Nashville Graphic • Page 8 Tuesday, February 3, 1981Nashville, North Carolina1 of 2 matches on this page.Previous Next",C:\Users\shakyas\Desktop\ShakyaThinkGround\CONLAW\newspapers_screenshots\certificate_of_need_nc_0113.png
114,https://newscomwc.newspapers.com/image/337394344/?match=1&terms=%22certificate%20of%20need%22&pqsid=1G5w5jPookppD464ShWQFw%3A12564%3A1788838422,,,,,"Rocky Mount Telegram • Page 1 Friday, February 13, 1981Rocky Mount, North Carolina1 of 1 matches on this page.",C:\Users\shakyas\Desktop\ShakyaThinkGround\CONLAW\newspapers_screenshots\certificate_of_need_nc_0114.png
115,https://newscomwc.newspapers.com/image/337394457/?match=1&terms=%22certificate%20of%20need%22&pqsid=1G5w5jPookppD464ShWQFw%3A12564%3A1788838422,,,,,"Rocky Mount Telegram • Page 9 Friday, February 13, 1981Rocky Mount, North Carolina1 of 2 matches on this page.Previous Next",C:\Users\shakyas\Desktop\ShakyaThinkGround\CONLAW\newspapers_screenshots\certificate_of_need_nc_0115.png
116,https://newscomwc.newspapers.com/image/337396651/?match=1&terms=%22certificate%20of%20need%22&pqsid=1G5w5jPookppD464ShWQFw%3A12564%3A1788838422,,,,,"Rocky Mount Telegram • Page 7 Friday, February 20, 1981Rocky Mount, North Carolina1 of 4 matches on this page.Previous Next",C:\Users\shakyas\Desktop\ShakyaThinkGround\CONLAW\newspapers_screenshots\certificate_of_need_nc_0116.png
117,https://newscomwc.newspapers.com/image/337397762/?match=1&terms=%22certificate%20of%20need%22&pqsid=1G5w5jPookppD464ShWQFw%3A12564%3A1788838422,,,,,"Rocky Mount Telegram • Page 31 Wednesday, February 25, 1981Rocky Mount, North Carolina1 of 2 matches on this page.Previous Next",C:\Users\shakyas\Desktop\ShakyaThinkGround\CONLAW\newspapers_screenshots\certificate_of_need_nc_0117.png
118,https://newscomwc.newspapers.com/image/341226694/?match=1&terms=%22certificate%20of%20need%22&pqsid=1G5w5jPookppD464ShWQFw%3A12564%3A1788838422,,,,,"The Nashville Graphic • Page 3 Tuesday, March 3, 1981Nashville, North Carolina1 of 4 matches on this page.Previous Next",C:\Users\shakyas\Desktop\ShakyaThinkGround\CONLAW\newspapers_screenshots\certificate_of_need_nc_0118.png
119,https://newscomwc.newspapers.com/image/337446229/?match=1&terms=%22certificate%20of%20need%22&pqsid=1G5w5jPookppD464ShWQFw%3A12564%3A1788838422,,,,,"Rocky Mount Telegram • Page 9 Tuesday, March 3, 1981Rocky Mount, North Carolina1 of 2 matches on this page.Previous Next",C:\Users\shakyas\Desktop\ShakyaThinkGround\CONLAW\newspapers_screenshots\certificate_of_need_nc_0119.png
120,https://newscomwc.newspapers.com/image/337448494/?match=1&terms=%22certificate%20of%20need%22&pqsid=1G5w5jPookppD464ShWQFw%3A12564%3A1788838422,,,,,"Rocky Mount Telegram • Page 17 Sunday, March 15, 1981Rocky Mount, North Carolina1 of 2 matches on this page.Previous Next",C:\Users\shakyas\Desktop\ShakyaThinkGround\CONLAW\newspapers_screenshots\certificate_of_need_nc_0120.png
121,https://newscomwc.newspapers.com/image/341227913/?match=1&terms=%22certificate%20of%20need%22&pqsid=1G5w5jPookppD464ShWQFw%3A12564%3A1788838422,,,,,"The Nashville Graphic • Page 13 Thursday, March 19, 1981Nashville, North Carolina1 of 6 matches on this page.Previous Next",C:\Users\shakyas\Desktop\ShakyaThinkGround\CONLAW\newspapers_screenshots\certificate_of_need_nc_0121.png
122,https://newscomwc.newspapers.com/image/67936076/?match=1&terms=%22certificate%20of%20need%22&pqsid=1G5w5jPookppD464ShWQFw%3A12564%3A1788838422,,,,,"The Daily Tar Heel • Page 3 Wednesday, March 25, 1981Chapel Hill, North Carolina1 of 2 matches on this page.Previous Next",C:\Users\shakyas\Desktop\ShakyaThinkGround\CONLAW\newspapers_screenshots\certificate_of_need_nc_0122.png
123,https://newscomwc.newspapers.com/image/337404249/?match=1&terms=%22certificate%20of%20need%22&pqsid=1G5w5jPookppD464ShWQFw%3A12564%3A1788838422,,,,,"Rocky Mount Telegram • Page 11 Thursday, April 2, 1981Rocky Mount, North Carolina1 of 14 matches on this page.Previous Next",C:\Users\shakyas\Desktop\ShakyaThinkGround\CONLAW\newspapers_screenshots\certificate_of_need_nc_0123.png
124,https://newscomwc.newspapers.com/image/341228723/?match=1&terms=%22certificate%20of%20need%22&pqsid=1G5w5jPookppD464ShWQFw%3A12564%3A1788838422,,,,,"The Nashville Graphic • Page 1 Tuesday, April 7, 1981Nashville, North Carolina1 of 2 matches on this page.Previous Next",C:\Users\shakyas\Desktop\ShakyaThinkGround\CONLAW\newspapers_screenshots\certificate_of_need_nc_0124.png
125,https://newscomwc.newspapers.com/image/337407801/?match=1&terms=%22certificate%20of%20need%22&pqsid=1G5w5jPookppD464ShWQFw%3A12564%3A1788838422,,,,,"Rocky Mount Telegram • Page 13 Thursday, April 30, 1981Rocky Mount, North Carolina1 of 2 matches on this page.Previous Next",C:\Users\shakyas\Desktop\ShakyaThinkGround\CONLAW\newspapers_screenshots\certificate_of_need_nc_0125.png
126,https://newscomwc.newspapers.com/image/341230849/?match=1&terms=%22certificate%20of%20need%22&pqsid=1G5w5jPookppD464ShWQFw%3A12564%3A1788838422,,,,,"The Nashville Graphic • Page 1 Tuesday, May 5, 1981Nashville, North Carolina1 of 2 matches on this page.Previous Next",C:\Users\shakyas\Desktop\ShakyaThinkGround\CONLAW\newspapers_screenshots\certificate_of_need_nc_0126.png
127,https://newscomwc.newspapers.com/image/337443791/?match=1&terms=%22certificate%20of%20need%22&pqsid=1G5w5jPookppD464ShWQFw%3A12564%3A1788838422,,,,,"Rocky Mount Telegram • Page 9 Friday, May 8, 1981Rocky Mount, North Carolina1 of 6 matches on this page.Previous Next",C:\Users\shakyas\Desktop\ShakyaThinkGround\CONLAW\newspapers_screenshots\certificate_of_need_nc_0127.png
128,https://newscomwc.newspapers.com/image/337444705/?match=1&terms=%22certificate%20of%20need%22&pqsid=1G5w5jPookppD464ShWQFw%3A12564%3A1788838422,,,,,"Rocky Mount Telegram • Page 7 Tuesday, May 12, 1981Rocky Mount, North Carolina1 of 2 matches on this page.Previous Next",C:\Users\shakyas\Desktop\ShakyaThinkGround\CONLAW\newspapers_screenshots\certificate_of_need_nc_0128.png
129,https://newscomwc.newspapers.com/image/341231257/?match=1&terms=%22certificate%20of%20need%22&pqsid=1G5w5jPookppD464ShWQFw%3A12564%3A1788838422,,,,,"The Nashville Graphic • Page 3 Thursday, May 14, 1981Nashville, North Carolina1 of 6 matches on this page.Previous Next",C:\Users\shakyas\Desktop\ShakyaThinkGround\CONLAW\newspapers_screenshots\certificate_of_need_nc_0129.png
130,https://newscomwc.newspapers.com/image/341231983/?match=1&terms=%22certificate%20of%20need%22&pqsid=1G5w5jPookppD464ShWQFw%3A12564%3A1788838422,,,,,"The Nashville Graphic • Page 8 Tuesday, June 2, 1981Nashville, North Carolina1 of 8 matches on this page.Previous Next",C:\Users\shakyas\Desktop\ShakyaThinkGround\CONLAW\newspapers_screenshots\certificate_of_need_nc_0130.png
131,https://newscomwc.newspapers.com/image/341231924/?match=1&terms=%22certificate%20of%20need%22&pqsid=1G5w5jPookppD464ShWQFw%3A12564%3A1788838422,,,,,"The Nashville Graphic • Page 1 Tuesday, June 2, 1981Nashville, North Carolina1 of 4 matches on this page.Previous Next",C:\Users\shakyas\Desktop\ShakyaThinkGround\CONLAW\newspapers_screenshots\certificate_of_need_nc_0131.png
132,https://newscomwc.newspapers.com/image/341232379/?match=1&terms=%22certificate%20of%20need%22&pqsid=1G5w5jPookppD464ShWQFw%3A12564%3A1788838422,,,,,"The Nashville Graphic • Page 1 Tuesday, June 16, 1981Nashville, North Carolina1 of 4 matches on this page.Previous Next",C:\Users\shakyas\Desktop\ShakyaThinkGround\CONLAW\newspapers_screenshots\certificate_of_need_nc_0132.png
133,https://newscomwc.newspapers.com/image/337444221/?match=1&terms=%22certificate%20of%20need%22&pqsid=1G5w5jPookppD464ShWQFw%3A12564%3A1788838422,,,,,"Rocky Mount Telegram • Page 24 Thursday, June 18, 1981Rocky Mount, North Carolina1 of 4 matches on this page.Previous Next",C:\Users\shakyas\Desktop\ShakyaThinkGround\CONLAW\newspapers_screenshots\certificate_of_need_nc_0133.png
134,https://newscomwc.newspapers.com/image/337444148/?match=1&terms=%22certificate%20of%20need%22&pqsid=1G5w5jPookppD464ShWQFw%3A12564%3A1788838422,,,,,"Rocky Mount Telegram • Page 15 Thursday, June 18, 1981Rocky Mount, North Carolina1 of 2 matches on this page.Previous Next",C:\Users\shakyas\Desktop\ShakyaThinkGround\CONLAW\newspapers_screenshots\certificate_of_need_nc_0134.png
135,https://newscomwc.newspapers.com/image/337446605/?match=1&terms=%22certificate%20of%20need%22&pqsid=1G5w5jPookppD464ShWQFw%3A12564%3A1788838422,,,,,"Rocky Mount Telegram • Page 2 Friday, June 26, 1981Rocky Mount, North Carolina1 of 2 matches on this page.Previous Next",C:\Users\shakyas\Desktop\ShakyaThinkGround\CONLAW\newspapers_screenshots\certificate_of_need_nc_0135.png
136,https://newscomwc.newspapers.com/image/337406317/?match=1&terms=%22certificate%20of%20need%22&pqsid=1G5w5jPookppD464ShWQFw%3A12564%3A1788838422,,,,,"Rocky Mount Telegram • Page 13 Thursday, July 16, 1981Rocky Mount, North Carolina1 of 2 matches on this page.Previous Next",C:\Users\shakyas\Desktop\ShakyaThinkGround\CONLAW\newspapers_screenshots\certificate_of_need_nc_0136.png
137,https://newscomwc.newspapers.com/image/337406719/?match=1&terms=%22certificate%20of%20need%22&pqsid=1G5w5jPookppD464ShWQFw%3A12564%3A1788838422,,,,,"Rocky Mount Telegram • Page 2 Monday, July 20, 1981Rocky Mount, North Carolina1 of 2 matches on this page.Previous Next",C:\Users\shakyas\Desktop\ShakyaThinkGround\CONLAW\newspapers_screenshots\certificate_of_need_nc_0137.png
138,https://newscomwc.newspapers.com/image/67937169/?match=1&terms=%22certificate%20of%20need%22&pqsid=1G5w5jPookppD464ShWQFw%3A12564%3A1788838422,,,,,"The Daily Tar Heel • Page 4 Thursday, July 23, 1981Chapel Hill, North Carolina1 of 6 matches on this page.Previous Next",C:\Users\shakyas\Desktop\ShakyaThinkGround\CONLAW\newspapers_screenshots\certificate_of_need_nc_0138.png
139,https://newscomwc.newspapers.com/image/337407662/?match=1&terms=%22certificate%20of%20need%22&pqsid=1G5w5jPookppD464ShWQFw%3A12564%3A1788838422,,,,,"Rocky Mount Telegram • Page 1 Thursday, July 30, 1981Rocky Mount, North Carolina1 of 2 matches on this page.Previous Next",C:\Users\shakyas\Desktop\ShakyaThinkGround\CONLAW\newspapers_screenshots\certificate_of_need_nc_0139.png
140,https://newscomwc.newspapers.com/image/341331783/?match=1&terms=%22certificate%20of%20need%22&pqsid=1G5w5jPookppD464ShWQFw%3A12564%3A1788838422,,,,,"The Nashville Graphic • Page 2 Thursday, July 30, 1981Nashville, North Carolina1 of 2 matches on this page.Previous Next",C:\Users\shakyas\Desktop\ShakyaThinkGround\CONLAW\newspapers_screenshots\certificate_of_need_nc_0140.png
141,https://newscomwc.newspapers.com/image/337435267/?match=1&terms=%22certificate%20of%20need%22&pqsid=1G5w5jPookppD464ShWQFw%3A12564%3A1788838422,,,,,"Rocky Mount Telegram • Page 9 Monday, August 10, 1981Rocky Mount, North Carolina1 of 8 matches on this page.Previous Next",C:\Users\shakyas\Desktop\ShakyaThinkGround\CONLAW\newspapers_screenshots\certificate_of_need_nc_0141.png
142,https://newscomwc.newspapers.com/image/337436211/?match=1&terms=%22certificate%20of%20need%22&pqsid=1G5w5jPookppD464ShWQFw%3A12564%3A1788838422,,,,,"Rocky Mount Telegram • Page 19 Thursday, August 13, 1981Rocky Mount, North Carolina1 of 2 matches on this page.Previous Next",C:\Users\shakyas\Desktop\ShakyaThinkGround\CONLAW\newspapers_screenshots\certificate_of_need_nc_0142.png
143,https://newscomwc.newspapers.com/image/337437942/?match=1&terms=%22certificate%20of%20need%22&pqsid=1G5w5jPookppD464ShWQFw%3A12564%3A1788838422,,,,,"Rocky Mount Telegram • Page 2 Friday, September 11, 1981Rocky Mount, North Carolina1 of 8 matches on this page.Previous Next",C:\Users\shakyas\Desktop\ShakyaThinkGround\CONLAW\newspapers_screenshots\certificate_of_need_nc_0143.png
144,https://newscomwc.newspapers.com/image/337438161/?match=1&terms=%22certificate%20of%20need%22&pqsid=1G5w5jPookppD464ShWQFw%3A12564%3A1788838422,,,,,"Rocky Mount Telegram • Page 9 Saturday, September 12, 1981Rocky Mount, North Carolina1 of 8 matches on this page.Previous Next",C:\Users\shakyas\Desktop\ShakyaThinkGround\CONLAW\newspapers_screenshots\certificate_of_need_nc_0144.png
145,https://newscomwc.newspapers.com/image/337443347/?match=1&terms=%22certificate%20of%20need%22&pqsid=1G5w5jPookppD464ShWQFw%3A12564%3A1788838422,,,,,"Rocky Mount Telegram • Page 9 Friday, September 25, 1981Rocky Mount, North Carolina1 of 2 matches on this page.Previous Next",C:\Users\shakyas\Desktop\ShakyaThinkGround\CONLAW\newspapers_screenshots\certificate_of_need_nc_0145.png
146,https://newscomwc.newspapers.com/image/337444519/?match=1&terms=%22certificate%20of%20need%22&pqsid=1G5w5jPookppD464ShWQFw%3A12564%3A1788838422,,,,,"Rocky Mount Telegram • Page 2 Monday, September 28, 1981Rocky Mount, North Carolina1 of 2 matches on this page.Previous Next",C:\Users\shakyas\Desktop\ShakyaThinkGround\CONLAW\newspapers_screenshots\certificate_of_need_nc_0146.png
147,https://newscomwc.newspapers.com/image/67920639/?match=1&terms=%22certificate%20of%20need%22&pqsid=1G5w5jPookppD464ShWQFw%3A12564%3A1788838422,,,,,"The Daily Tar Heel • Page 3 Tuesday, September 29, 1981Chapel Hill, North Carolina1 of 2 matches on this page.Previous Next",C:\Users\shakyas\Desktop\ShakyaThinkGround\CONLAW\newspapers_screenshots\certificate_of_need_nc_0147.png
148,https://newscomwc.newspapers.com/image/337435724/?match=1&terms=%22certificate%20of%20need%22&pqsid=1G5w5jPookppD464ShWQFw%3A12564%3A1788838422,,,,,"Rocky Mount Telegram • Page 20 Thursday, October 1, 1981Rocky Mount, North Carolina1 of 8 matches on this page.Previous Next",C:\Users\shakyas\Desktop\ShakyaThinkGround\CONLAW\newspapers_screenshots\certificate_of_need_nc_0148.png
149,https://newscomwc.newspapers.com/image/337438034/?match=1&terms=%22certificate%20of%20need%22&pqsid=1G5w5jPookppD464ShWQFw%3A12564%3A1788838422,,,,,"Rocky Mount Telegram • Page 13 Thursday, October 8, 1981Rocky Mount, North Carolina1 of 4 matches on this page.Previous Next",C:\Users\shakyas\Desktop\ShakyaThinkGround\CONLAW\newspapers_screenshots\certificate_of_need_nc_0149.png
150,https://newscomwc.newspapers.com/image/341334593/?match=1&terms=%22certificate%20of%20need%22&pqsid=1G5w5jPookppD464ShWQFw%3A12564%3A1788838422,,,,,"The Nashville Graphic • Page 18 Thursday, October 8, 1981Nashville, North Carolina1 of 2 matches on this page.Previous Next",C:\Users\shakyas\Desktop\ShakyaThinkGround\CONLAW\newspapers_screenshots\certificate_of_need_nc_0150.png
151,https://newscomwc.newspapers.com/image/337439819/?match=1&terms=%22certificate%20of%20need%22&pqsid=1G5w5jPookppD464ShWQFw%3A12564%3A1788838422,,,,,"Rocky Mount Telegram • Page 48 Sunday, October 11, 1981Rocky Mount, North Carolina1 of 2 matches on this page.Previous Next",C:\Users\shakyas\Desktop\ShakyaThinkGround\CONLAW\newspapers_screenshots\certificate_of_need_nc_0151.png
152,https://newscomwc.newspapers.com/image/341335202/?match=1&terms=%22certificate%20of%20need%22&pqsid=1G5w5jPookppD464ShWQFw%3A12564%3A1788838422,,,,,"The Nashville Graphic • Page 12 Thursday, October 22, 1981Nashville, North Carolina1 of 2 matches on this page.Previous Next",C:\Users\shakyas\Desktop\ShakyaThinkGround\CONLAW\newspapers_screenshots\certificate_of_need_nc_0152.png
153,https://newscomwc.newspapers.com/image/337444887/?match=1&terms=%22certificate%20of%20need%22&pqsid=1G5w5jPookppD464ShWQFw%3A12564%3A1788838422,,,,,"Rocky Mount Telegram • Page 11 Saturday, October 24, 1981Rocky Mount, North Carolina1 of 8 matches on this page.Previous Next",C:\Users\shakyas\Desktop\ShakyaThinkGround\CONLAW\newspapers_screenshots\certificate_of_need_nc_0153.png
154,https://newscomwc.newspapers.com/image/341335478/?match=1&terms=%22certificate%20of%20need%22&pqsid=1G5w5jPookppD464ShWQFw%3A12564%3A1788838422,,,,,"The Nashville Graphic • Page 13 Thursday, October 29, 1981Nashville, North Carolina1 of 2 matches on this page.Previous Next",C:\Users\shakyas\Desktop\ShakyaThinkGround\CONLAW\newspapers_screenshots\certificate_of_need_nc_0154.png
155,https://newscomwc.newspapers.com/image/341335731/?match=1&terms=%22certificate%20of%20need%22&pqsid=1G5w5jPookppD464ShWQFw%3A12564%3A1788838422,,,,,"The Nashville Graphic • Page 9 Tuesday, November 3, 1981Nashville, North Carolina1 of 2 matches on this page.Previous Next",C:\Users\shakyas\Desktop\ShakyaThinkGround\CONLAW\newspapers_screenshots\certificate_of_need_nc_0155.png
156,https://newscomwc.newspapers.com/image/337458777/?match=1&terms=%22certificate%20of%20need%22&pqsid=1G5w5jPookppD464ShWQFw%3A12564%3A1788838422,,,,,"Rocky Mount Telegram • Page 7 Friday, January 8, 1982Rocky Mount, North Carolina1 of 2 matches on this page.Previous Next",C:\Users\shakyas\Desktop\ShakyaThinkGround\CONLAW\newspapers_screenshots\certificate_of_need_nc_0156.png
157,https://newscomwc.newspapers.com/image/337461762/?match=1&terms=%22certificate%20of%20need%22&pqsid=1G5w5jPookppD464ShWQFw%3A12564%3A1788838422,,,,,"Rocky Mount Telegram • Page 1 Tuesday, January 19, 1982Rocky Mount, North Carolina1 of 2 matches on this page.Previous Next",C:\Users\shakyas\Desktop\ShakyaThinkGround\CONLAW\newspapers_screenshots\certificate_of_need_nc_0157.png
158,https://newscomwc.newspapers.com/image/337433411/?match=1&terms=%22certificate%20of%20need%22&pqsid=1G5w5jPookppD464ShWQFw%3A12564%3A1788838422,,,,,"Rocky Mount Telegram • Page 1 Wednesday, February 3, 1982Rocky Mount, North Carolina1 of 2 matches on this page.Previous Next",C:\Users\shakyas\Desktop\ShakyaThinkGround\CONLAW\newspapers_screenshots\certificate_of_need_nc_0158.png
159,https://newscomwc.newspapers.com/image/341354846/?match=1&terms=%22certificate%20of%20need%22&pqsid=1G5w5jPookppD464ShWQFw%3A12564%3A1788838422,,,,,"The Nashville Graphic • Page 3 Thursday, February 4, 1982Nashville, North Carolina1 of 2 matches on this page.Previous Next",C:\Users\shakyas\Desktop\ShakyaThinkGround\CONLAW\newspapers_screenshots\certificate_of_need_nc_0159.png
160,https://newscomwc.newspapers.com/image/67952371/?match=1&terms=%22certificate%20of%20need%22&pqsid=1G5w5jPookppD464ShWQFw%3A12564%3A1788838422,,,,,"The Daily Tar Heel • Page 2 Friday, February 5, 1982Chapel Hill, North Carolina1 of 4 matches on this page.Previous Next",C:\Users\shakyas\Desktop\ShakyaThinkGround\CONLAW\newspapers_screenshots\certificate_of_need_nc_0160.png
161,https://newscomwc.newspapers.com/image/337438032/?match=1&terms=%22certificate%20of%20need%22&pqsid=1G5w5jPookppD464ShWQFw%3A12564%3A1788838422,,,,,"Rocky Mount Telegram • Page 11 Thursday, February 18, 1982Rocky Mount, North Carolina1 of 6 matches on this page.Previous Next",C:\Users\shakyas\Desktop\ShakyaThinkGround\CONLAW\newspapers_screenshots\certificate_of_need_nc_0161.png
162,https://newscomwc.newspapers.com/image/341357660/?match=1&terms=%22certificate%20of%20need%22&pqsid=1G5w5jPookppD464ShWQFw%3A12564%3A1788838422,,,,,"The Nashville Graphic • Page 1 Thursday, February 18, 1982Nashville, North Carolina1 of 6 matches on this page.Previous Next",C:\Users\shakyas\Desktop\ShakyaThinkGround\CONLAW\newspapers_screenshots\certificate_of_need_nc_0162.png
163,https://newscomwc.newspapers.com/image/337438111/?match=1&terms=%22certificate%20of%20need%22&pqsid=1G5w5jPookppD464ShWQFw%3A12564%3A1788838422,,,,,"Rocky Mount Telegram • Page 20 Thursday, February 18, 1982Rocky Mount, North Carolina1 of 2 matches on this page.Previous Next",C:\Users\shakyas\Desktop\ShakyaThinkGround\CONLAW\newspapers_screenshots\certificate_of_need_nc_0163.png
164,https://newscomwc.newspapers.com/image/337438200/?match=1&terms=%22certificate%20of%20need%22&pqsid=1G5w5jPookppD464ShWQFw%3A12564%3A1788838422,,,,,"Rocky Mount Telegram • Page 9 Friday, February 19, 1982Rocky Mount, North Carolina1 of 2 matches on this page.Previous Next",C:\Users\shakyas\Desktop\ShakyaThinkGround\CONLAW\newspapers_screenshots\certificate_of_need_nc_0164.png
165,https://newscomwc.newspapers.com/image/337439757/?match=1&terms=%22certificate%20of%20need%22&pqsid=1G5w5jPookppD464ShWQFw%3A12564%3A1788838422,,,,,"Rocky Mount Telegram • Page 3 Friday, February 26, 1982Rocky Mount, North Carolina1 of 2 matches on this page.Previous Next",C:\Users\shakyas\Desktop\ShakyaThinkGround\CONLAW\newspapers_screenshots\certificate_of_need_nc_0165.png
166,https://newscomwc.newspapers.com/image/337375737/?match=1&terms=%22certificate%20of%20need%22&pqsid=1G5w5jPookppD464ShWQFw%3A12564%3A1788838422,,,,,"Rocky Mount Telegram • Page 17 Tuesday, March 30, 1982Rocky Mount, North Carolina1 of 2 matches on this page.Previous Next",C:\Users\shakyas\Desktop\ShakyaThinkGround\CONLAW\newspapers_screenshots\certificate_of_need_nc_0166.png
167,https://newscomwc.newspapers.com/image/337376216/?match=1&terms=%22certificate%20of%20need%22&pqsid=1G5w5jPookppD464ShWQFw%3A12564%3A1788838422,,,,,"Rocky Mount Telegram • Page 39 Tuesday, March 30, 1982Rocky Mount, North Carolina1 of 2 matches on this page.Previous Next",C:\Users\shakyas\Desktop\ShakyaThinkGround\CONLAW\newspapers_screenshots\certificate_of_need_nc_0167.png
168,https://newscomwc.newspapers.com/image/337384062/?match=1&terms=%22certificate%20of%20need%22&pqsid=1G5w5jPookppD464ShWQFw%3A12564%3A1788838422,,,,,"Rocky Mount Telegram • Page 7 Tuesday, April 13, 1982Rocky Mount, North Carolina1 of 2 matches on this page.Previous Next",C:\Users\shakyas\Desktop\ShakyaThinkGround\CONLAW\newspapers_screenshots\certificate_of_need_nc_0168.png
169,https://newscomwc.newspapers.com/image/337385151/?match=1&terms=%22certificate%20of%20need%22&pqsid=1G5w5jPookppD464ShWQFw%3A12564%3A1788838422,,,,,"Rocky Mount Telegram • Page 11 Thursday, April 15, 1982Rocky Mount, North Carolina1 of 2 matches on this page.Previous Next",C:\Users\shakyas\Desktop\ShakyaThinkGround\CONLAW\newspapers_screenshots\certificate_of_need_nc_0169.png
170,https://newscomwc.newspapers.com/image/341372286/?match=1&terms=%22certificate%20of%20need%22&pqsid=1G5w5jPookppD464ShWQFw%3A12564%3A1788838422,,,,,"The Nashville Graphic • Page 8 Thursday, April 15, 1982Nashville, North Carolina1 of 2 matches on this page.Previous Next",C:\Users\shakyas\Desktop\ShakyaThinkGround\CONLAW\newspapers_screenshots\certificate_of_need_nc_0170.png
171,https://newscomwc.newspapers.com/image/337386853/?match=1&terms=%22certificate%20of%20need%22&pqsid=1G5w5jPookppD464ShWQFw%3A12564%3A1788838422,,,,,"Rocky Mount Telegram • Page 4 Thursday, April 22, 1982Rocky Mount, North Carolina1 of 4 matches on this page.Previous Next",C:\Users\shakyas\Desktop\ShakyaThinkGround\CONLAW\newspapers_screenshots\certificate_of_need_nc_0171.png
172,https://newscomwc.newspapers.com/image/337872851/?match=1&terms=%22certificate%20of%20need%22&pqsid=1G5w5jPookppD464ShWQFw%3A12564%3A1788838422,,,,,"Rocky Mount Telegram • Page 13 Sunday, May 9, 1982Rocky Mount, North Carolina1 of 4 matches on this page.Previous Next",C:\Users\shakyas\Desktop\ShakyaThinkGround\CONLAW\newspapers_screenshots\certificate_of_need_nc_0172.png
173,https://newscomwc.newspapers.com/image/337876574/?match=1&terms=%22certificate%20of%20need%22&pqsid=1G5w5jPookppD464ShWQFw%3A12564%3A1788838422,,,,,"Rocky Mount Telegram • Page 15 Sunday, May 16, 1982Rocky Mount, North Carolina1 of 4 matches on this page.Previous Next",C:\Users\shakyas\Desktop\ShakyaThinkGround\CONLAW\newspapers_screenshots\certificate_of_need_nc_0173.png
174,https://newscomwc.newspapers.com/image/337883250/?match=1&terms=%22certificate%20of%20need%22&pqsid=1G5w5jPookppD464ShWQFw%3A12564%3A1788838422,,,,,"Rocky Mount Telegram • Page 1 Thursday, May 27, 1982Rocky Mount, North Carolina1 of 4 matches on this page.Previous Next",C:\Users\shakyas\Desktop\ShakyaThinkGround\CONLAW\newspapers_screenshots\certificate_of_need_nc_0174.png
175,https://newscomwc.newspapers.com/image/341331757/?match=1&terms=%22certificate%20of%20need%22&pqsid=1G5w5jPookppD464ShWQFw%3A12564%3A1788838422,,,,,"The Nashville Graphic • Page 1 Thursday, May 27, 1982Nashville, North Carolina1 of 2 matches on this page.Previous Next",C:\Users\shakyas\Desktop\ShakyaThinkGround\CONLAW\newspapers_screenshots\certificate_of_need_nc_0175.png
176,https://newscomwc.newspapers.com/image/337883730/?match=1&terms=%22certificate%20of%20need%22&pqsid=1G5w5jPookppD464ShWQFw%3A12564%3A1788838422,,,,,"Rocky Mount Telegram • Page 9 Friday, May 28, 1982Rocky Mount, North Carolina1 of 4 matches on this page.Previous Next",C:\Users\shakyas\Desktop\ShakyaThinkGround\CONLAW\newspapers_screenshots\certificate_of_need_nc_0176.png
177,https://newscomwc.newspapers.com/image/337883892/?match=1&terms=%22certificate%20of%20need%22&pqsid=1G5w5jPookppD464ShWQFw%3A12564%3A1788838422,,,,,"Rocky Mount Telegram • Page 11 Saturday, May 29, 1982Rocky Mount, North Carolina1 of 4 matches on this page.Previous Next",C:\Users\shakyas\Desktop\ShakyaThinkGround\CONLAW\newspapers_screenshots\certificate_of_need_nc_0177.png
178,https://newscomwc.newspapers.com/image/337884800/?match=1&terms=%22certificate%20of%20need%22&pqsid=1G5w5jPookppD464ShWQFw%3A12564%3A1788838422,,,,,"Rocky Mount Telegram • Page 7 Monday, May 31, 1982Rocky Mount, North Carolina1 of 4 matches on this page.Previous Next",C:\Users\shakyas\Desktop\ShakyaThinkGround\CONLAW\newspapers_screenshots\certificate_of_need_nc_0178.png
179,https://newscomwc.newspapers.com/image/337446018/?match=1&terms=%22certificate%20of%20need%22&pqsid=1G5w5jPookppD464ShWQFw%3A12564%3A1788838422,,,,,"Rocky Mount Telegram • Page 12 Tuesday, June 1, 1982Rocky Mount, North Carolina1 of 2 matches on this page.Previous Next",C:\Users\shakyas\Desktop\ShakyaThinkGround\CONLAW\newspapers_screenshots\certificate_of_need_nc_0179.png
180,https://newscomwc.newspapers.com/image/337448995/?match=1&terms=%22certificate%20of%20need%22&pqsid=1G5w5jPookppD464ShWQFw%3A12564%3A1788838422,,,,,"Rocky Mount Telegram • Page 4 Monday, June 21, 1982Rocky Mount, North Carolina1 of 2 matches on this page.Previous Next",C:\Users\shakyas\Desktop\ShakyaThinkGround\CONLAW\newspapers_screenshots\certificate_of_need_nc_0180.png
181,https://newscomwc.newspapers.com/image/337449471/?match=1&terms=%22certificate%20of%20need%22&pqsid=1G5w5jPookppD464ShWQFw%3A12564%3A1788838422,,,,,"Rocky Mount Telegram • Page 11 Thursday, June 24, 1982Rocky Mount, North Carolina1 of 4 matches on this page.Previous Next",C:\Users\shakyas\Desktop\ShakyaThinkGround\CONLAW\newspapers_screenshots\certificate_of_need_nc_0181.png
182,https://newscomwc.newspapers.com/image/337449526/?match=1&terms=%22certificate%20of%20need%22&pqsid=1G5w5jPookppD464ShWQFw%3A12564%3A1788838422,,,,,"Rocky Mount Telegram • Page 1 Friday, June 25, 1982Rocky Mount, North Carolina1 of 2 matches on this page.Previous Next",C:\Users\shakyas\Desktop\ShakyaThinkGround\CONLAW\newspapers_screenshots\certificate_of_need_nc_0182.png
183,https://newscomwc.newspapers.com/image/337426474/?match=1&terms=%22certificate%20of%20need%22&pqsid=1G5w5jPookppD464ShWQFw%3A12564%3A1788838422,,,,,"Rocky Mount Telegram • Page 7 Wednesday, July 7, 1982Rocky Mount, North Carolina1 of 2 matches on this page.Previous Next",C:\Users\shakyas\Desktop\ShakyaThinkGround\CONLAW\newspapers_screenshots\certificate_of_need_nc_0183.png
184,https://newscomwc.newspapers.com/image/341332956/?match=1&terms=%22certificate%20of%20need%22&pqsid=1G5w5jPookppD464ShWQFw%3A12564%3A1788838422,,,,,"The Nashville Graphic • Page 1 Thursday, July 8, 1982Nashville, North Carolina1 of 4 matches on this page.Previous Next",C:\Users\shakyas\Desktop\ShakyaThinkGround\CONLAW\newspapers_screenshots\certificate_of_need_nc_0184.png
185,https://newscomwc.newspapers.com/image/337427211/?match=1&terms=%22certificate%20of%20need%22&pqsid=1G5w5jPookppD464ShWQFw%3A12564%3A1788838422,,,,,"Rocky Mount Telegram • Page 8 Friday, July 9, 1982Rocky Mount, North Carolina1 of 6 matches on this page.Previous Next",C:\Users\shakyas\Desktop\ShakyaThinkGround\CONLAW\newspapers_screenshots\certificate_of_need_nc_0185.png
186,https://newscomwc.newspapers.com/image/341333080/?match=1&terms=%22certificate%20of%20need%22&pqsid=1G5w5jPookppD464ShWQFw%3A12564%3A1788838422,,,,,"The Nashville Graphic • Page 4 Tuesday, July 13, 1982Nashville, North Carolina1 of 2 matches on this page.Previous Next",C:\Users\shakyas\Desktop\ShakyaThinkGround\CONLAW\newspapers_screenshots\certificate_of_need_nc_0186.png
187,https://newscomwc.newspapers.com/image/341333201/?match=1&terms=%22certificate%20of%20need%22&pqsid=1G5w5jPookppD464ShWQFw%3A12564%3A1788838422,,,,,"The Nashville Graphic • Page 8 Thursday, July 15, 1982Nashville, North Carolina1 of 4 matches on this page.Previous Next",C:\Users\shakyas\Desktop\ShakyaThinkGround\CONLAW\newspapers_screenshots\certificate_of_need_nc_0187.png
188,https://newscomwc.newspapers.com/image/341333521/?match=1&terms=%22certificate%20of%20need%22&pqsid=1G5w5jPookppD464ShWQFw%3A12564%3A1788838422,,,,,"The Nashville Graphic • Page 1 Thursday, July 29, 1982Nashville, North Carolina1 of 4 matches on this page.Previous Next",C:\Users\shakyas\Desktop\ShakyaThinkGround\CONLAW\newspapers_screenshots\certificate_of_need_nc_0188.png
189,https://newscomwc.newspapers.com/image/341333579/?match=1&terms=%22certificate%20of%20need%22&pqsid=1G5w5jPookppD464ShWQFw%3A12564%3A1788838422,,,,,"The Nashville Graphic • Page 8 Thursday, July 29, 1982Nashville, North Carolina1 of 2 matches on this page.Previous Next",C:\Users\shakyas\Desktop\ShakyaThinkGround\CONLAW\newspapers_screenshots\certificate_of_need_nc_0189.png
190,https://newscomwc.newspapers.com/image/337433497/?match=1&terms=%22certificate%20of%20need%22&pqsid=1G5w5jPookppD464ShWQFw%3A12564%3A1788838422,,,,,"Rocky Mount Telegram • Page 1 Friday, July 30, 1982Rocky Mount, North Carolina1 of 2 matches on this page.Previous Next",C:\Users\shakyas\Desktop\ShakyaThinkGround\CONLAW\newspapers_screenshots\certificate_of_need_nc_0190.png
191,https://newscomwc.newspapers.com/image/337449054/?match=1&terms=%22certificate%20of%20need%22&pqsid=1G5w5jPookppD464ShWQFw%3A12564%3A1788838422,,,,,"Rocky Mount Telegram • Page 36 Wednesday, August 4, 1982Rocky Mount, North Carolina1 of 8 matches on this page.Previous Next",C:\Users\shakyas\Desktop\ShakyaThinkGround\CONLAW\newspapers_screenshots\certificate_of_need_nc_0191.png
192,https://newscomwc.newspapers.com/image/341333753/?match=1&terms=%22certificate%20of%20need%22&pqsid=1G5w5jPookppD464ShWQFw%3A12564%3A1788838422,,,,,"The Nashville Graphic • Page 1 Thursday, August 5, 1982Nashville, North Carolina1 of 4 matches on this page.Previous Next",C:\Users\shakyas\Desktop\ShakyaThinkGround\CONLAW\newspapers_screenshots\certificate_of_need_nc_0192.png
193,https://newscomwc.newspapers.com/image/341333884/?match=1&terms=%22certificate%20of%20need%22&pqsid=1G5w5jPookppD464ShWQFw%3A12564%3A1788838422,,,,,"The Nashville Graphic • Page 1 Tuesday, August 10, 1982Nashville, North Carolina1 of 2 matches on this page.Previous Next",C:\Users\shakyas\Desktop\ShakyaThinkGround\CONLAW\newspapers_screenshots\certificate_of_need_nc_0193.png
194,https://newscomwc.newspapers.com/image/341335093/?match=1&terms=%22certificate%20of%20need%22&pqsid=1G5w5jPookppD464ShWQFw%3A12564%3A1788838422,,,,,"The Nashville Graphic • Page 1 Thursday, August 26, 1982Nashville, North Carolina1 of 16 matches on this page.Previous Next",C:\Users\shakyas\Desktop\ShakyaThinkGround\CONLAW\newspapers_screenshots\certificate_of_need_nc_0194.png
195,https://newscomwc.newspapers.com/image/341335166/?match=1&terms=%22certificate%20of%20need%22&pqsid=1G5w5jPookppD464ShWQFw%3A12564%3A1788838422,,,,,"The Nashville Graphic • Page 8 Thursday, August 26, 1982Nashville, North Carolina1 of 10 matches on this page.Previous Next",C:\Users\shakyas\Desktop\ShakyaThinkGround\CONLAW\newspapers_screenshots\certificate_of_need_nc_0195.png
196,https://newscomwc.newspapers.com/image/337452144/?match=1&terms=%22certificate%20of%20need%22&pqsid=1G5w5jPookppD464ShWQFw%3A12564%3A1788838422,,,,,"Rocky Mount Telegram • Page 1 Thursday, August 26, 1982Rocky Mount, North Carolina1 of 4 matches on this page.Previous Next",C:\Users\shakyas\Desktop\ShakyaThinkGround\CONLAW\newspapers_screenshots\certificate_of_need_nc_0196.png
197,https://newscomwc.newspapers.com/image/341335214/?match=1&terms=%22certificate%20of%20need%22&pqsid=1G5w5jPookppD464ShWQFw%3A12564%3A1788838422,,,,,"The Nashville Graphic • Page 1 Tuesday, August 31, 1982Nashville, North Carolina1 of 4 matches on this page.Previous Next",C:\Users\shakyas\Desktop\ShakyaThinkGround\CONLAW\newspapers_screenshots\certificate_of_need_nc_0197.png
198,https://newscomwc.newspapers.com/image/341335251/?match=1&terms=%22certificate%20of%20need%22&pqsid=1G5w5jPookppD464ShWQFw%3A12564%3A1788838422,,,,,"The Nashville Graphic • Page 8 Tuesday, August 31, 1982Nashville, North Carolina1 of 4 matches on this page.Previous Next",C:\Users\shakyas\Desktop\ShakyaThinkGround\CONLAW\newspapers_screenshots\certificate_of_need_nc_0198.png
199,https://newscomwc.newspapers.com/image/341337936/?match=1&terms=%22certificate%20of%20need%22&pqsid=1G5w5jPookppD464ShWQFw%3A12564%3A1788838422,,,,,"The Nashville Graphic • Page 8 Tuesday, September 28, 1982Nashville, North Carolina1 of 2 matches on this page.Previous Next",C:\Users\shakyas\Desktop\ShakyaThinkGround\CONLAW\newspapers_screenshots\certificate_of_need_nc_0199.png
200,https://newscomwc.newspapers.com/image/337432001/?match=1&terms=%22certificate%20of%20need%22&pqsid=1G5w5jPookppD464ShWQFw%3A12564%3A1788838422,,,,,"Rocky Mount Telegram • Page 3 Thursday, September 30, 1982Rocky Mount, North Carolina1 of 2 matches on this page.Previous Next",C:\Users\shakyas\Desktop\ShakyaThinkGround\CONLAW\newspapers_screenshots\certificate_of_need_nc_0200.png
201,https://newscomwc.newspapers.com/image/337361178/?match=1&terms=%22certificate%20of%20need%22&pqsid=1G5w5jPookppD464ShWQFw%3A12564%3A1788838422,,,,,"Rocky Mount Telegram • Page 1 Friday, October 1, 1982Rocky Mount, North Carolina1 of 6 matches on this page.Previous Next",C:\Users\shakyas\Desktop\ShakyaThinkGround\CONLAW\newspapers_screenshots\certificate_of_need_nc_0201.png
202,https://newscomwc.newspapers.com/image/337361221/?match=1&terms=%22certificate%20of%20need%22&pqsid=1G5w5jPookppD464ShWQFw%3A12564%3A1788838422,,,,,"Rocky Mount Telegram • Page 2 Friday, October 1, 1982Rocky Mount, North Carolina1 of 4 matches on this page.Previous Next",C:\Users\shakyas\Desktop\ShakyaThinkGround\CONLAW\newspapers_screenshots\certificate_of_need_nc_0202.png
203,https://newscomwc.newspapers.com/image/337375857/?match=1&terms=%22certificate%20of%20need%22&pqsid=1G5w5jPookppD464ShWQFw%3A12564%3A1788838422,,,,,"Rocky Mount Telegram • Page 11 Thursday, October 14, 1982Rocky Mount, North Carolina1 of 2 matches on this page.Previous Next",C:\Users\shakyas\Desktop\ShakyaThinkGround\CONLAW\newspapers_screenshots\certificate_of_need_nc_0203.png
204,https://newscomwc.newspapers.com/image/337384775/?match=1&terms=%22certificate%20of%20need%22&pqsid=1G5w5jPookppD464ShWQFw%3A12564%3A1788838422,,,,,"Rocky Mount Telegram • Page 1 Friday, October 29, 1982Rocky Mount, North Carolina1 of 4 matches on this page.Previous Next",C:\Users\shakyas\Desktop\ShakyaThinkGround\CONLAW\newspapers_screenshots\certificate_of_need_nc_0204.png
205,https://newscomwc.newspapers.com/image/337457683/?match=1&terms=%22certificate%20of%20need%22&pqsid=1G5w5jPookppD464ShWQFw%3A12564%3A1788838422,,,,,"Rocky Mount Telegram • Page 11 Monday, November 1, 1982Rocky Mount, North Carolina1 of 4 matches on this page.Previous Next",C:\Users\shakyas\Desktop\ShakyaThinkGround\CONLAW\newspapers_screenshots\certificate_of_need_nc_0205.png
206,https://newscomwc.newspapers.com/image/341345081/?match=1&terms=%22certificate%20of%20need%22&pqsid=1G5w5jPookppD464ShWQFw%3A12564%3A1788838422,,,,,"The Nashville Graphic • Page 1 Thursday, November 11, 1982Nashville, North Carolina1 of 4 matches on this page.Previous Next",C:\Users\shakyas\Desktop\ShakyaThinkGround\CONLAW\newspapers_screenshots\certificate_of_need_nc_0206.png
207,https://newscomwc.newspapers.com/image/337640661/?match=1&terms=%22certificate%20of%20need%22&pqsid=1G5w5jPookppD464ShWQFw%3A12564%3A1788838422,,,,,"Rocky Mount Telegram • Page 22 Tuesday, January 4, 1983Rocky Mount, North Carolina1 of 2 matches on this page.Previous Next",C:\Users\shakyas\Desktop\ShakyaThinkGround\CONLAW\newspapers_screenshots\certificate_of_need_nc_0207.png
208,https://newscomwc.newspapers.com/image/337640664/?match=1&terms=%22certificate%20of%20need%22&pqsid=1G5w5jPookppD464ShWQFw%3A12564%3A1788838422,,,,,"Rocky Mount Telegram • Page 23 Tuesday, January 4, 1983Rocky Mount, North Carolina1 of 2 matches on this page.Previous Next",C:\Users\shakyas\Desktop\ShakyaThinkGround\CONLAW\newspapers_screenshots\certificate_of_need_nc_0208.png
209,https://newscomwc.newspapers.com/image/341368176/?match=1&terms=%22certificate%20of%20need%22&pqsid=1G5w5jPookppD464ShWQFw%3A12564%3A1788838422,,,,,"The Nashville Graphic • Page 9 Tuesday, January 11, 1983Nashville, North Carolina1 of 2 matches on this page.Previous Next",C:\Users\shakyas\Desktop\ShakyaThinkGround\CONLAW\newspapers_screenshots\certificate_of_need_nc_0209.png
210,https://newscomwc.newspapers.com/image/337638134/?match=1&terms=%22certificate%20of%20need%22&pqsid=1G5w5jPookppD464ShWQFw%3A12564%3A1788838422,,,,,"Rocky Mount Telegram • Page 15 Tuesday, February 1, 1983Rocky Mount, North Carolina1 of 4 matches on this page.Previous Next",C:\Users\shakyas\Desktop\ShakyaThinkGround\CONLAW\newspapers_screenshots\certificate_of_need_nc_0210.png
211,https://newscomwc.newspapers.com/image/337638462/?match=1&terms=%22certificate%20of%20need%22&pqsid=1G5w5jPookppD464ShWQFw%3A12564%3A1788838422,,,,,"Rocky Mount Telegram • Page 13 Wednesday, February 9, 1983Rocky Mount, North Carolina1 of 2 matches on this page.Previous Next",C:\Users\shakyas\Desktop\ShakyaThinkGround\CONLAW\newspapers_screenshots\certificate_of_need_nc_0211.png
212,https://newscomwc.newspapers.com/image/337638539/?match=1&terms=%22certificate%20of%20need%22&pqsid=1G5w5jPookppD464ShWQFw%3A12564%3A1788838422,,,,,"Rocky Mount Telegram • Page 14 Thursday, February 10, 1983Rocky Mount, North Carolina1 of 2 matches on this page.Previous Next",C:\Users\shakyas\Desktop\ShakyaThinkGround\CONLAW\newspapers_screenshots\certificate_of_need_nc_0212.png
213,https://newscomwc.newspapers.com/image/341375395/?match=1&terms=%22certificate%20of%20need%22&pqsid=1G5w5jPookppD464ShWQFw%3A12564%3A1788838422,,,,,"The Nashville Graphic • Page 6 Thursday, February 10, 1983Nashville, North Carolina1 of 2 matches on this page.Previous Next",C:\Users\shakyas\Desktop\ShakyaThinkGround\CONLAW\newspapers_screenshots\certificate_of_need_nc_0213.png
214,https://newscomwc.newspapers.com/image/341375848/?match=1&terms=%22certificate%20of%20need%22&pqsid=1G5w5jPookppD464ShWQFw%3A12564%3A1788838422,,,,,"The Nashville Graphic • Page 1 Tuesday, February 15, 1983Nashville, North Carolina1 of 4 matches on this page.Previous Next",C:\Users\shakyas\Desktop\ShakyaThinkGround\CONLAW\newspapers_screenshots\certificate_of_need_nc_0214.png
215,https://newscomwc.newspapers.com/image/337638864/?match=1&terms=%22certificate%20of%20need%22&pqsid=1G5w5jPookppD464ShWQFw%3A12564%3A1788838422,,,,,"Rocky Mount Telegram • Page 2 Thursday, February 17, 1983Rocky Mount, North Carolina1 of 14 matches on this page.Previous Next",C:\Users\shakyas\Desktop\ShakyaThinkGround\CONLAW\newspapers_screenshots\certificate_of_need_nc_0215.png
216,https://newscomwc.newspapers.com/image/341376807/?match=1&terms=%22certificate%20of%20need%22&pqsid=1G5w5jPookppD464ShWQFw%3A12564%3A1788838422,,,,,"The Nashville Graphic • Page 1 Tuesday, February 22, 1983Nashville, North Carolina1 of 8 matches on this page.Previous Next",C:\Users\shakyas\Desktop\ShakyaThinkGround\CONLAW\newspapers_screenshots\certificate_of_need_nc_0216.png
217,https://newscomwc.newspapers.com/image/337669629/?match=1&terms=%22certificate%20of%20need%22&pqsid=1G5w5jPookppD464ShWQFw%3A12564%3A1788838422,,,,,"Rocky Mount Telegram • Page 2 Tuesday, March 1, 1983Rocky Mount, North Carolina1 of 4 matches on this page.Previous Next",C:\Users\shakyas\Desktop\ShakyaThinkGround\CONLAW\newspapers_screenshots\certificate_of_need_nc_0217.png
218,https://newscomwc.newspapers.com/image/341208627/?match=1&terms=%22certificate%20of%20need%22&pqsid=1G5w5jPookppD464ShWQFw%3A12564%3A1788838422,,,,,"The Nashville Graphic • Page 13 Tuesday, March 1, 1983Nashville, North Carolina1 of 2 matches on this page.Previous Next",C:\Users\shakyas\Desktop\ShakyaThinkGround\CONLAW\newspapers_screenshots\certificate_of_need_nc_0218.png
219,https://newscomwc.newspapers.com/image/337669908/?match=1&terms=%22certificate%20of%20need%22&pqsid=1G5w5jPookppD464ShWQFw%3A12564%3A1788838422,,,,,"Rocky Mount Telegram • Page 7 Friday, March 4, 1983Rocky Mount, North Carolina1 of 2 matches on this page.Previous Next",C:\Users\shakyas\Desktop\ShakyaThinkGround\CONLAW\newspapers_screenshots\certificate_of_need_nc_0219.png
220,https://newscomwc.newspapers.com/image/341208984/?match=1&terms=%22certificate%20of%20need%22&pqsid=1G5w5jPookppD464ShWQFw%3A12564%3A1788838422,,,,,"The Nashville Graphic • Page 4 Tuesday, March 8, 1983Nashville, North Carolina1 of 2 matches on this page.Previous Next",C:\Users\shakyas\Desktop\ShakyaThinkGround\CONLAW\newspapers_screenshots\certificate_of_need_nc_0220.png
221,https://newscomwc.newspapers.com/image/341209103/?match=1&terms=%22certificate%20of%20need%22&pqsid=1G5w5jPookppD464ShWQFw%3A12564%3A1788838422,,,,,"The Nashville Graphic • Page 1 Thursday, March 10, 1983Nashville, North Carolina1 of 4 matches on this page.Previous Next",C:\Users\shakyas\Desktop\ShakyaThinkGround\CONLAW\newspapers_screenshots\certificate_of_need_nc_0221.png
222,https://newscomwc.newspapers.com/image/341209177/?match=1&terms=%22certificate%20of%20need%22&pqsid=1G5w5jPookppD464ShWQFw%3A12564%3A1788838422,,,,,"The Nashville Graphic • Page 8 Thursday, March 10, 1983Nashville, North Carolina1 of 2 matches on this page.Previous Next",C:\Users\shakyas\Desktop\ShakyaThinkGround\CONLAW\newspapers_screenshots\certificate_of_need_nc_0222.png
223,https://newscomwc.newspapers.com/image/341209342/?match=1&terms=%22certificate%20of%20need%22&pqsid=1G5w5jPookppD464ShWQFw%3A12564%3A1788838422,,,,,"The Nashville Graphic • Page 8 Tuesday, March 15, 1983Nashville, North Carolina1 of 2 matches on this page.Previous Next",C:\Users\shakyas\Desktop\ShakyaThinkGround\CONLAW\newspapers_screenshots\certificate_of_need_nc_0223.png
224,https://newscomwc.newspapers.com/image/337691488/?match=1&terms=%22certificate%20of%20need%22&pqsid=1G5w5jPookppD464ShWQFw%3A12564%3A1788838422,,,,,"Rocky Mount Telegram • Page 61 Wednesday, March 30, 1983Rocky Mount, North Carolina1 of 2 matches on this page.Previous Next",C:\Users\shakyas\Desktop\ShakyaThinkGround\CONLAW\newspapers_screenshots\certificate_of_need_nc_0224.png
225,https://newscomwc.newspapers.com/image/341210225/?match=1&terms=%22certificate%20of%20need%22&pqsid=1G5w5jPookppD464ShWQFw%3A12564%3A1788838422,,,,,"The Nashville Graphic • Page 1 Thursday, March 31, 1983Nashville, North Carolina1 of 4 matches on this page.Previous Next",C:\Users\shakyas\Desktop\ShakyaThinkGround\CONLAW\newspapers_screenshots\certificate_of_need_nc_0225.png
226,https://newscomwc.newspapers.com/image/341210680/?match=1&terms=%22certificate%20of%20need%22&pqsid=1G5w5jPookppD464ShWQFw%3A12564%3A1788838422,,,,,"The Nashville Graphic • Page 1 Thursday, April 7, 1983Nashville, North Carolina1 of 2 matches on this page.Previous Next",C:\Users\shakyas\Desktop\ShakyaThinkGround\CONLAW\newspapers_screenshots\certificate_of_need_nc_0226.png
227,https://newscomwc.newspapers.com/image/341211084/?match=1&terms=%22certificate%20of%20need%22&pqsid=1G5w5jPookppD464ShWQFw%3A12564%3A1788838422,,,,,"The Nashville Graphic • Page 1 Thursday, April 14, 1983Nashville, North Carolina1 of 4 matches on this page.Previous Next",C:\Users\shakyas\Desktop\ShakyaThinkGround\CONLAW\newspapers_screenshots\certificate_of_need_nc_0227.png
228,https://newscomwc.newspapers.com/image/337639774/?match=1&terms=%22certificate%20of%20need%22&pqsid=1G5w5jPookppD464ShWQFw%3A12564%3A1788838422,,,,,"Rocky Mount Telegram • Page 1 Thursday, April 14, 1983Rocky Mount, North Carolina1 of 2 matches on this page.Previous Next",C:\Users\shakyas\Desktop\ShakyaThinkGround\CONLAW\newspapers_screenshots\certificate_of_need_nc_0228.png
229,https://newscomwc.newspapers.com/image/337640060/?match=1&terms=%22certificate%20of%20need%22&pqsid=1G5w5jPookppD464ShWQFw%3A12564%3A1788838422,,,,,"Rocky Mount Telegram • Page 13 Wednesday, April 27, 1983Rocky Mount, North Carolina1 of 12 matches on this page.Previous Next",C:\Users\shakyas\Desktop\ShakyaThinkGround\CONLAW\newspapers_screenshots\certificate_of_need_nc_0229.png
230,https://newscomwc.newspapers.com/image/337640044/?match=1&terms=%22certificate%20of%20need%22&pqsid=1G5w5jPookppD464ShWQFw%3A12564%3A1788838422,,,,,"Rocky Mount Telegram • Page 1 Wednesday, April 27, 1983Rocky Mount, North Carolina1 of 2 matches on this page.Previous Next",C:\Users\shakyas\Desktop\ShakyaThinkGround\CONLAW\newspapers_screenshots\certificate_of_need_nc_0230.png
231,https://newscomwc.newspapers.com/image/341211628/?match=1&terms=%22certificate%20of%20need%22&pqsid=1G5w5jPookppD464ShWQFw%3A12564%3A1788838422,,,,,"The Nashville Graphic • Page 1 Thursday, April 28, 1983Nashville, North Carolina1 of 2 matches on this page.Previous Next",C:\Users\shakyas\Desktop\ShakyaThinkGround\CONLAW\newspapers_screenshots\certificate_of_need_nc_0231.png
232,https://newscomwc.newspapers.com/image/337640128/?match=1&terms=%22certificate%20of%20need%22&pqsid=1G5w5jPookppD464ShWQFw%3A12564%3A1788838422,,,,,"Rocky Mount Telegram • Page 1 Friday, April 29, 1983Rocky Mount, North Carolina1 of 4 matches on this page.Previous Next",C:\Users\shakyas\Desktop\ShakyaThinkGround\CONLAW\newspapers_screenshots\certificate_of_need_nc_0232.png
233,https://newscomwc.newspapers.com/image/337438378/?match=1&terms=%22certificate%20of%20need%22&pqsid=1G5w5jPookppD464ShWQFw%3A12564%3A1788838422,,,,,"Rocky Mount Telegram • Page 7 Monday, May 2, 1983Rocky Mount, North Carolina1 of 16 matches on this page.Previous Next",C:\Users\shakyas\Desktop\ShakyaThinkGround\CONLAW\newspapers_screenshots\certificate_of_need_nc_0233.png
234,https://newscomwc.newspapers.com/image/337439561/?match=1&terms=%22certificate%20of%20need%22&pqsid=1G5w5jPookppD464ShWQFw%3A12564%3A1788838422,,,,,"Rocky Mount Telegram • Page 6 Saturday, May 7, 1983Rocky Mount, North Carolina1 of 4 matches on this page.Previous Next",C:\Users\shakyas\Desktop\ShakyaThinkGround\CONLAW\newspapers_screenshots\certificate_of_need_nc_0234.png
235,https://newscomwc.newspapers.com/image/337444965/?match=1&terms=%22certificate%20of%20need%22&pqsid=1G5w5jPookppD464ShWQFw%3A12564%3A1788838422,,,,,"Rocky Mount Telegram • Page 1 Monday, May 23, 1983Rocky Mount, North Carolina1 of 4 matches on this page.Previous Next",C:\Users\shakyas\Desktop\ShakyaThinkGround\CONLAW\newspapers_screenshots\certificate_of_need_nc_0235.png
236,https://newscomwc.newspapers.com/image/337445203/?match=1&terms=%22certificate%20of%20need%22&pqsid=1G5w5jPookppD464ShWQFw%3A12564%3A1788838422,,,,,"Rocky Mount Telegram • Page 7 Tuesday, May 24, 1983Rocky Mount, North Carolina1 of 8 matches on this page.Previous Next",C:\Users\shakyas\Desktop\ShakyaThinkGround\CONLAW\newspapers_screenshots\certificate_of_need_nc_0236.png
237,https://newscomwc.newspapers.com/image/341212594/?match=1&terms=%22certificate%20of%20need%22&pqsid=1G5w5jPookppD464ShWQFw%3A12564%3A1788838422,,,,,"The Nashville Graphic • Page 1 Tuesday, May 24, 1983Nashville, North Carolina1 of 4 matches on this page.Previous Next",C:\Users\shakyas\Desktop\ShakyaThinkGround\CONLAW\newspapers_screenshots\certificate_of_need_nc_0237.png
238,https://newscomwc.newspapers.com/image/341212757/?match=1&terms=%22certificate%20of%20need%22&pqsid=1G5w5jPookppD464ShWQFw%3A12564%3A1788838422,,,,,"The Nashville Graphic • Page 5 Thursday, May 26, 1983Nashville, North Carolina1 of 8 matches on this page.Previous Next",C:\Users\shakyas\Desktop\ShakyaThinkGround\CONLAW\newspapers_screenshots\certificate_of_need_nc_0238.png
239,https://newscomwc.newspapers.com/image/341212866/?match=1&terms=%22certificate%20of%20need%22&pqsid=1G5w5jPookppD464ShWQFw%3A12564%3A1788838422,,,,,"The Nashville Graphic • Page 5 Tuesday, May 31, 1983Nashville, North Carolina1 of 6 matches on this page.Previous Next",C:\Users\shakyas\Desktop\ShakyaThinkGround\CONLAW\newspapers_screenshots\certificate_of_need_nc_0239.png
240,https://newscomwc.newspapers.com/image/337440818/?match=1&terms=%22certificate%20of%20need%22&pqsid=1G5w5jPookppD464ShWQFw%3A12564%3A1788838422,,,,,"Rocky Mount Telegram • Page 5 Friday, June 3, 1983Rocky Mount, North Carolina1 of 2 matches on this page.Previous Next",C:\Users\shakyas\Desktop\ShakyaThinkGround\CONLAW\newspapers_screenshots\certificate_of_need_nc_0240.png
241,https://newscomwc.newspapers.com/image/337442271/?match=1&terms=%22certificate%20of%20need%22&pqsid=1G5w5jPookppD464ShWQFw%3A12564%3A1788838422,,,,,"Rocky Mount Telegram • Page 11 Wednesday, June 8, 1983Rocky Mount, North Carolina1 of 2 matches on this page.Previous Next",C:\Users\shakyas\Desktop\ShakyaThinkGround\CONLAW\newspapers_screenshots\certificate_of_need_nc_0241.png
242,https://newscomwc.newspapers.com/image/341213316/?match=1&terms=%22certificate%20of%20need%22&pqsid=1G5w5jPookppD464ShWQFw%3A12564%3A1788838422,,,,,"The Nashville Graphic • Page 8 Thursday, June 9, 1983Nashville, North Carolina1 of 2 matches on this page.Previous Next",C:\Users\shakyas\Desktop\ShakyaThinkGround\CONLAW\newspapers_screenshots\certificate_of_need_nc_0242.png
243,https://newscomwc.newspapers.com/image/341213577/?match=1&terms=%22certificate%20of%20need%22&pqsid=1G5w5jPookppD464ShWQFw%3A12564%3A1788838422,,,,,"The Nashville Graphic • Page 1 Thursday, June 16, 1983Nashville, North Carolina1 of 4 matches on this page.Previous Next",C:\Users\shakyas\Desktop\ShakyaThinkGround\CONLAW\newspapers_screenshots\certificate_of_need_nc_0243.png
244,https://newscomwc.newspapers.com/image/341213628/?match=1&terms=%22certificate%20of%20need%22&pqsid=1G5w5jPookppD464ShWQFw%3A12564%3A1788838422,,,,,"The Nashville Graphic • Page 8 Thursday, June 16, 1983Nashville, North Carolina1 of 4 matches on this page.Previous Next",C:\Users\shakyas\Desktop\ShakyaThinkGround\CONLAW\newspapers_screenshots\certificate_of_need_nc_0244.png
245,https://newscomwc.newspapers.com/image/337431988/?match=1&terms=%22certificate%20of%20need%22&pqsid=1G5w5jPookppD464ShWQFw%3A12564%3A1788838422,,,,,"Rocky Mount Telegram • Page 11 Wednesday, July 13, 1983Rocky Mount, North Carolina1 of 2 matches on this page.Previous Next",C:\Users\shakyas\Desktop\ShakyaThinkGround\CONLAW\newspapers_screenshots\certificate_of_need_nc_0245.png
246,https://newscomwc.newspapers.com/image/337432452/?match=1&terms=%22certificate%20of%20need%22&pqsid=1G5w5jPookppD464ShWQFw%3A12564%3A1788838422,,,,,"Rocky Mount Telegram • Page 11 Thursday, July 14, 1983Rocky Mount, North Carolina1 of 2 matches on this page.Previous Next",C:\Users\shakyas\Desktop\ShakyaThinkGround\CONLAW\newspapers_screenshots\certificate_of_need_nc_0246.png
247,https://newscomwc.newspapers.com/image/341214466/?match=1&terms=%22certificate%20of%20need%22&pqsid=1G5w5jPookppD464ShWQFw%3A12564%3A1788838422,,,,,"The Nashville Graphic • Page 1 Thursday, July 14, 1983Nashville, North Carolina1 of 2 matches on this page.Previous Next",C:\Users\shakyas\Desktop\ShakyaThinkGround\CONLAW\newspapers_screenshots\certificate_of_need_nc_0247.png
248,https://newscomwc.newspapers.com/image/337432557/?match=1&terms=%22certificate%20of%20need%22&pqsid=1G5w5jPookppD464ShWQFw%3A12564%3A1788838422,,,,,"Rocky Mount Telegram • Page 7 Friday, July 15, 1983Rocky Mount, North Carolina1 of 6 matches on this page.Previous Next",C:\Users\shakyas\Desktop\ShakyaThinkGround\CONLAW\newspapers_screenshots\certificate_of_need_nc_0248.png
249,https://newscomwc.newspapers.com/image/337433197/?match=1&terms=%22certificate%20of%20need%22&pqsid=1G5w5jPookppD464ShWQFw%3A12564%3A1788838422,,,,,"Rocky Mount Telegram • Page 7 Tuesday, July 19, 1983Rocky Mount, North Carolina1 of 2 matches on this page.Previous Next",C:\Users\shakyas\Desktop\ShakyaThinkGround\CONLAW\newspapers_screenshots\certificate_of_need_nc_0249.png
250,https://newscomwc.newspapers.com/image/337435468/?match=1&terms=%22certificate%20of%20need%22&pqsid=1G5w5jPookppD464ShWQFw%3A12564%3A1788838422,,,,,"Rocky Mount Telegram • Page 10 Friday, July 29, 1983Rocky Mount, North Carolina1 of 2 matches on this page.Previous Next",C:\Users\shakyas\Desktop\ShakyaThinkGround\CONLAW\newspapers_screenshots\certificate_of_need_nc_0250.png
251,https://newscomwc.newspapers.com/image/337432746/?match=1&terms=%22certificate%20of%20need%22&pqsid=1G5w5jPookppD464ShWQFw%3A12564%3A1788838422,,,,,"Rocky Mount Telegram • Page 12 Tuesday, August 2, 1983Rocky Mount, North Carolina1 of 8 matches on this page.Previous Next",C:\Users\shakyas\Desktop\ShakyaThinkGround\CONLAW\newspapers_screenshots\certificate_of_need_nc_0251.png
252,https://newscomwc.newspapers.com/image/341215503/?match=1&terms=%22certificate%20of%20need%22&pqsid=1G5w5jPookppD464ShWQFw%3A12564%3A1788838422,,,,,"The Nashville Graphic • Page 1 Tuesday, August 9, 1983Nashville, North Carolina1 of 2 matches on this page.Previous Next",C:\Users\shakyas\Desktop\ShakyaThinkGround\CONLAW\newspapers_screenshots\certificate_of_need_nc_0252.png
253,https://newscomwc.newspapers.com/image/337437528/?match=1&terms=%22certificate%20of%20need%22&pqsid=1G5w5jPookppD464ShWQFw%3A12564%3A1788838422,,,,,"Rocky Mount Telegram • Page 25 Wednesday, August 24, 1983Rocky Mount, North Carolina1 of 4 matches on this page.Previous Next",C:\Users\shakyas\Desktop\ShakyaThinkGround\CONLAW\newspapers_screenshots\certificate_of_need_nc_0253.png
254,https://newscomwc.newspapers.com/image/337462667/?match=1&terms=%22certificate%20of%20need%22&pqsid=1G5w5jPookppD464ShWQFw%3A12564%3A1788838422,,,,,"Rocky Mount Telegram • Page 1 Tuesday, September 20, 1983Rocky Mount, North Carolina1 of 6 matches on this page.Previous Next",C:\Users\shakyas\Desktop\ShakyaThinkGround\CONLAW\newspapers_screenshots\certificate_of_need_nc_0254.png
255,https://newscomwc.newspapers.com/image/341217029/?match=1&terms=%22certificate%20of%20need%22&pqsid=1G5w5jPookppD464ShWQFw%3A12564%3A1788838422,,,,,"The Nashville Graphic • Page 1 Tuesday, September 20, 1983Nashville, North Carolina1 of 4 matches on this page.Previous Next",C:\Users\shakyas\Desktop\ShakyaThinkGround\CONLAW\newspapers_screenshots\certificate_of_need_nc_0255.png
256,https://newscomwc.newspapers.com/image/337462681/?match=1&terms=%22certificate%20of%20need%22&pqsid=1G5w5jPookppD464ShWQFw%3A12564%3A1788838422,,,,,"Rocky Mount Telegram • Page 2 Tuesday, September 20, 1983Rocky Mount, North Carolina1 of 2 matches on this page.Previous Next",C:\Users\shakyas\Desktop\ShakyaThinkGround\CONLAW\newspapers_screenshots\certificate_of_need_nc_0256.png
257,https://newscomwc.newspapers.com/image/341217075/?match=1&terms=%22certificate%20of%20need%22&pqsid=1G5w5jPookppD464ShWQFw%3A12564%3A1788838422,,,,,"The Nashville Graphic • Page 6 Tuesday, September 20, 1983Nashville, North Carolina1 of 2 matches on this page.Previous Next",C:\Users\shakyas\Desktop\ShakyaThinkGround\CONLAW\newspapers_screenshots\certificate_of_need_nc_0257.png
258,https://newscomwc.newspapers.com/image/337463218/?match=1&terms=%22certificate%20of%20need%22&pqsid=1G5w5jPookppD464ShWQFw%3A12564%3A1788838422,,,,,"Rocky Mount Telegram • Page 13 Thursday, September 22, 1983Rocky Mount, North Carolina1 of 2 matches on this page.Previous Next",C:\Users\shakyas\Desktop\ShakyaThinkGround\CONLAW\newspapers_screenshots\certificate_of_need_nc_0258.png
259,https://newscomwc.newspapers.com/image/337465172/?match=1&terms=%22certificate%20of%20need%22&pqsid=1G5w5jPookppD464ShWQFw%3A12564%3A1788838422,,,,,"Rocky Mount Telegram • Page 7 Friday, September 30, 1983Rocky Mount, North Carolina1 of 4 matches on this page.Previous Next",C:\Users\shakyas\Desktop\ShakyaThinkGround\CONLAW\newspapers_screenshots\certificate_of_need_nc_0259.png
260,https://newscomwc.newspapers.com/image/337471789/?match=1&terms=%22certificate%20of%20need%22&pqsid=1G5w5jPookppD464ShWQFw%3A12564%3A1788838422,,,,,"Rocky Mount Telegram • Page 2 Tuesday, October 4, 1983Rocky Mount, North Carolina1 of 2 matches on this page.Previous Next",C:\Users\shakyas\Desktop\ShakyaThinkGround\CONLAW\newspapers_screenshots\certificate_of_need_nc_0260.png
261,https://newscomwc.newspapers.com/image/341217528/?match=1&terms=%22certificate%20of%20need%22&pqsid=1G5w5jPookppD464ShWQFw%3A12564%3A1788838422,,,,,"The Nashville Graphic • Page 3 Tuesday, October 4, 1983Nashville, North Carolina1 of 2 matches on this page.Previous Next",C:\Users\shakyas\Desktop\ShakyaThinkGround\CONLAW\newspapers_screenshots\certificate_of_need_nc_0261.png
262,https://newscomwc.newspapers.com/image/341217560/?match=1&terms=%22certificate%20of%20need%22&pqsid=1G5w5jPookppD464ShWQFw%3A12564%3A1788838422,,,,,"The Nashville Graphic • Page 8 Tuesday, October 4, 1983Nashville, North Carolina1 of 2 matches on this page.Previous Next",C:\Users\shakyas\Desktop\ShakyaThinkGround\CONLAW\newspapers_screenshots\certificate_of_need_nc_0262.png
263,https://newscomwc.newspapers.com/image/337483225/?match=1&terms=%22certificate%20of%20need%22&pqsid=1G5w5jPookppD464ShWQFw%3A12564%3A1788838422,,,,,"Rocky Mount Telegram • Page 9 Thursday, November 3, 1983Rocky Mount, North Carolina1 of 2 matches on this page.Previous Next",C:\Users\shakyas\Desktop\ShakyaThinkGround\CONLAW\newspapers_screenshots\certificate_of_need_nc_0263.png
264,https://newscomwc.newspapers.com/image/337486914/?match=1&terms=%22certificate%20of%20need%22&pqsid=1G5w5jPookppD464ShWQFw%3A12564%3A1788838422,,,,,"Rocky Mount Telegram • Page 21 Wednesday, November 16, 1983Rocky Mount, North Carolina1 of 4 matches on this page.Previous Next",C:\Users\shakyas\Desktop\ShakyaThinkGround\CONLAW\newspapers_screenshots\certificate_of_need_nc_0264.png
265,https://newscomwc.newspapers.com/image/337487498/?match=1&terms=%22certificate%20of%20need%22&pqsid=1G5w5jPookppD464ShWQFw%3A12564%3A1788838422,,,,,"Rocky Mount Telegram • Page 7 Friday, November 18, 1983Rocky Mount, North Carolina1 of 2 matches on this page.Previous Next",C:\Users\shakyas\Desktop\ShakyaThinkGround\CONLAW\newspapers_screenshots\certificate_of_need_nc_0265.png
266,https://newscomwc.newspapers.com/image/337482734/?match=1&terms=%22certificate%20of%20need%22&pqsid=1G5w5jPookppD464ShWQFw%3A12564%3A1788838422,,,,,"Rocky Mount Telegram • Page 2 Friday, December 2, 1983Rocky Mount, North Carolina1 of 8 matches on this page.Previous Next",C:\Users\shakyas\Desktop\ShakyaThinkGround\CONLAW\newspapers_screenshots\certificate_of_need_nc_0266.png
267,https://newscomwc.newspapers.com/image/341220171/?match=1&terms=%22certificate%20of%20need%22&pqsid=1G5w5jPookppD464ShWQFw%3A12564%3A1788838422,,,,,"The Nashville Graphic • Page 1 Tuesday, December 20, 1983Nashville, North Carolina1 of 4 matches on this page.Previous Next",C:\Users\shakyas\Desktop\ShakyaThinkGround\CONLAW\newspapers_screenshots\certificate_of_need_nc_0267.png
268,https://newscomwc.newspapers.com/image/337488443/?match=1&terms=%22certificate%20of%20need%22&pqsid=1G5w5jPookppD464ShWQFw%3A12564%3A1788838422,,,,,"Rocky Mount Telegram • Page 4 Tuesday, December 20, 1983Rocky Mount, North Carolina1 of 2 matches on this page.Previous Next",C:\Users\shakyas\Desktop\ShakyaThinkGround\CONLAW\newspapers_screenshots\certificate_of_need_nc_0268.png
269,https://newscomwc.newspapers.com/image/341220743/?match=1&terms=%22certificate%20of%20need%22&pqsid=1G5w5jPookppD464ShWQFw%3A12564%3A1788838422,,,,,"The Nashville Graphic • Page 11 Thursday, December 29, 1983Nashville, North Carolina1 of 2 matches on this page.Previous Next",C:\Users\shakyas\Desktop\ShakyaThinkGround\CONLAW\newspapers_screenshots\certificate_of_need_nc_0269.png
270,https://newscomwc.newspapers.com/image/337482314/?match=1&terms=%22certificate%20of%20need%22&pqsid=1G5w5jPookppD464ShWQFw%3A12564%3A1788838422,,,,,"Rocky Mount Telegram • Page 18 Friday, January 6, 1984Rocky Mount, North Carolina1 of 2 matches on this page.Previous Next",C:\Users\shakyas\Desktop\ShakyaThinkGround\CONLAW\newspapers_screenshots\certificate_of_need_nc_0270.png
271,https://newscomwc.newspapers.com/image/337482349/?match=1&terms=%22certificate%20of%20need%22&pqsid=1G5w5jPookppD464ShWQFw%3A12564%3A1788838422,,,,,"Rocky Mount Telegram • Page 21 Friday, January 6, 1984Rocky Mount, North Carolina1 of 2 matches on this page.Previous Next",C:\Users\shakyas\Desktop\ShakyaThinkGround\CONLAW\newspapers_screenshots\certificate_of_need_nc_0271.png
272,https://newscomwc.newspapers.com/image/341331712/?match=1&terms=%22certificate%20of%20need%22&pqsid=1G5w5jPookppD464ShWQFw%3A12564%3A1788838422,,,,,"The Nashville Graphic • Page 1 Tuesday, January 31, 1984Nashville, North Carolina1 of 12 matches on this page.Previous Next",C:\Users\shakyas\Desktop\ShakyaThinkGround\CONLAW\newspapers_screenshots\certificate_of_need_nc_0272.png
273,https://newscomwc.newspapers.com/image/337494618/?match=1&terms=%22certificate%20of%20need%22&pqsid=1G5w5jPookppD464ShWQFw%3A12564%3A1788838422,,,,,"Rocky Mount Telegram • Page 11 Wednesday, February 1, 1984Rocky Mount, North Carolina1 of 6 matches on this page.Previous Next",C:\Users\shakyas\Desktop\ShakyaThinkGround\CONLAW\newspapers_screenshots\certificate_of_need_nc_0273.png
274,https://newscomwc.newspapers.com/image/337494878/?match=1&terms=%22certificate%20of%20need%22&pqsid=1G5w5jPookppD464ShWQFw%3A12564%3A1788838422,,,,,"Rocky Mount Telegram • Page 18 Thursday, February 2, 1984Rocky Mount, North Carolina1 of 8 matches on this page.Previous Next",C:\Users\shakyas\Desktop\ShakyaThinkGround\CONLAW\newspapers_screenshots\certificate_of_need_nc_0274.png
275,https://newscomwc.newspapers.com/image/337487190/?match=1&terms=%22certificate%20of%20need%22&pqsid=1G5w5jPookppD464ShWQFw%3A12564%3A1788838422,,,,,"Rocky Mount Telegram • Page 20 Thursday, March 1, 1984Rocky Mount, North Carolina1 of 4 matches on this page.Previous Next",C:\Users\shakyas\Desktop\ShakyaThinkGround\CONLAW\newspapers_screenshots\certificate_of_need_nc_0275.png
276,https://newscomwc.newspapers.com/image/341332769/?match=1&terms=%22certificate%20of%20need%22&pqsid=1G5w5jPookppD464ShWQFw%3A12564%3A1788838422,,,,,"The Nashville Graphic • Page 8 Tuesday, March 13, 1984Nashville, North Carolina1 of 2 matches on this page.Previous Next",C:\Users\shakyas\Desktop\ShakyaThinkGround\CONLAW\newspapers_screenshots\certificate_of_need_nc_0276.png
277,https://newscomwc.newspapers.com/image/341332946/?match=1&terms=%22certificate%20of%20need%22&pqsid=1G5w5jPookppD464ShWQFw%3A12564%3A1788838422,,,,,"The Nashville Graphic • Page 1 Tuesday, March 20, 1984Nashville, North Carolina1 of 2 matches on this page.Previous Next",C:\Users\shakyas\Desktop\ShakyaThinkGround\CONLAW\newspapers_screenshots\certificate_of_need_nc_0277.png
278,https://newscomwc.newspapers.com/image/337492540/?match=1&terms=%22certificate%20of%20need%22&pqsid=1G5w5jPookppD464ShWQFw%3A12564%3A1788838422,,,,,"Rocky Mount Telegram • Page 29 Thursday, March 29, 1984Rocky Mount, North Carolina1 of 6 matches on this page.Previous Next",C:\Users\shakyas\Desktop\ShakyaThinkGround\CONLAW\newspapers_screenshots\certificate_of_need_nc_0278.png
279,https://newscomwc.newspapers.com/image/337825965/?match=1&terms=%22certificate%20of%20need%22&pqsid=1G5w5jPookppD464ShWQFw%3A12564%3A1788838422,,,,,"Rocky Mount Telegram • Page 7 Tuesday, April 3, 1984Rocky Mount, North Carolina1 of 2 matches on this page.Previous Next",C:\Users\shakyas\Desktop\ShakyaThinkGround\CONLAW\newspapers_screenshots\certificate_of_need_nc_0279.png
280,https://newscomwc.newspapers.com/image/337830588/?match=1&terms=%22certificate%20of%20need%22&pqsid=1G5w5jPookppD464ShWQFw%3A12564%3A1788838422,,,,,"Rocky Mount Telegram • Page 26 Wednesday, April 11, 1984Rocky Mount, North Carolina1 of 2 matches on this page.Previous Next",C:\Users\shakyas\Desktop\ShakyaThinkGround\CONLAW\newspapers_screenshots\certificate_of_need_nc_0280.png
281,https://newscomwc.newspapers.com/image/337524869/?match=1&terms=%22certificate%20of%20need%22&pqsid=1G5w5jPookppD464ShWQFw%3A12564%3A1788838422,,,,,"Rocky Mount Telegram • Page 13 Wednesday, May 2, 1984Rocky Mount, North Carolina1 of 2 matches on this page.Previous Next",C:\Users\shakyas\Desktop\ShakyaThinkGround\CONLAW\newspapers_screenshots\certificate_of_need_nc_0281.png
282,https://newscomwc.newspapers.com/image/337527678/?match=1&terms=%22certificate%20of%20need%22&pqsid=1G5w5jPookppD464ShWQFw%3A12564%3A1788838422,,,,,"Rocky Mount Telegram • Page 24 Wednesday, May 9, 1984Rocky Mount, North Carolina1 of 2 matches on this page.Previous Next",C:\Users\shakyas\Desktop\ShakyaThinkGround\CONLAW\newspapers_screenshots\certificate_of_need_nc_0282.png
283,https://newscomwc.newspapers.com/image/341336097/?match=1&terms=%22certificate%20of%20need%22&pqsid=1G5w5jPookppD464ShWQFw%3A12564%3A1788838422,,,,,"The Nashville Graphic • Page 1 Thursday, May 24, 1984Nashville, North Carolina1 of 2 matches on this page.Previous Next",C:\Users\shakyas\Desktop\ShakyaThinkGround\CONLAW\newspapers_screenshots\certificate_of_need_nc_0283.png
284,https://newscomwc.newspapers.com/image/337494897/?match=1&terms=%22certificate%20of%20need%22&pqsid=1G5w5jPookppD464ShWQFw%3A12564%3A1788838422,,,,,"Rocky Mount Telegram • Page 32 Wednesday, July 18, 1984Rocky Mount, North Carolina1 of 2 matches on this page.Previous Next",C:\Users\shakyas\Desktop\ShakyaThinkGround\CONLAW\newspapers_screenshots\certificate_of_need_nc_0284.png
285,https://newscomwc.newspapers.com/image/341348190/?match=1&terms=%22certificate%20of%20need%22&pqsid=1G5w5jPookppD464ShWQFw%3A12564%3A1788838422,,,,,"The Nashville Graphic • Page 1 Tuesday, July 31, 1984Nashville, North Carolina1 of 2 matches on this page.Previous Next",C:\Users\shakyas\Desktop\ShakyaThinkGround\CONLAW\newspapers_screenshots\certificate_of_need_nc_0285.png
286,https://newscomwc.newspapers.com/image/337525461/?match=1&terms=%22certificate%20of%20need%22&pqsid=1G5w5jPookppD464ShWQFw%3A12564%3A1788838422,,,,,"Rocky Mount Telegram • Page 10 Wednesday, August 1, 1984Rocky Mount, North Carolina1 of 2 matches on this page.Previous Next",C:\Users\shakyas\Desktop\ShakyaThinkGround\CONLAW\newspapers_screenshots\certificate_of_need_nc_0286.png
287,https://newscomwc.newspapers.com/image/337527585/?match=1&terms=%22certificate%20of%20need%22&pqsid=1G5w5jPookppD464ShWQFw%3A12564%3A1788838422,,,,,"Rocky Mount Telegram • Page 6 Wednesday, August 8, 1984Rocky Mount, North Carolina1 of 8 matches on this page.Previous Next",C:\Users\shakyas\Desktop\ShakyaThinkGround\CONLAW\newspapers_screenshots\certificate_of_need_nc_0287.png
288,https://newscomwc.newspapers.com/image/337527646/?match=1&terms=%22certificate%20of%20need%22&pqsid=1G5w5jPookppD464ShWQFw%3A12564%3A1788838422,,,,,"Rocky Mount Telegram • Page 11 Wednesday, August 8, 1984Rocky Mount, North Carolina1 of 4 matches on this page.Previous Next",C:\Users\shakyas\Desktop\ShakyaThinkGround\CONLAW\newspapers_screenshots\certificate_of_need_nc_0288.png
289,https://newscomwc.newspapers.com/image/341350333/?match=1&terms=%22certificate%20of%20need%22&pqsid=1G5w5jPookppD464ShWQFw%3A12564%3A1788838422,,,,,"The Nashville Graphic • Page 1 Thursday, August 9, 1984Nashville, North Carolina1 of 6 matches on this page.Previous Next",C:\Users\shakyas\Desktop\ShakyaThinkGround\CONLAW\newspapers_screenshots\certificate_of_need_nc_0289.png
290,https://newscomwc.newspapers.com/image/341353010/?match=1&terms=%22certificate%20of%20need%22&pqsid=1G5w5jPookppD464ShWQFw%3A12564%3A1788838422,,,,,"The Nashville Graphic • Page 1 Thursday, August 30, 1984Nashville, North Carolina1 of 4 matches on this page.Previous Next",C:\Users\shakyas\Desktop\ShakyaThinkGround\CONLAW\newspapers_screenshots\certificate_of_need_nc_0290.png
291,https://newscomwc.newspapers.com/image/337535899/?match=1&terms=%22certificate%20of%20need%22&pqsid=1G5w5jPookppD464ShWQFw%3A12564%3A1788838422,,,,,"Rocky Mount Telegram • Page 7 Friday, August 31, 1984Rocky Mount, North Carolina1 of 4 matches on this page.Previous Next",C:\Users\shakyas\Desktop\ShakyaThinkGround\CONLAW\newspapers_screenshots\certificate_of_need_nc_0291.png
292,https://newscomwc.newspapers.com/image/337500790/?match=1&terms=%22certificate%20of%20need%22&pqsid=1G5w5jPookppD464ShWQFw%3A12564%3A1788838422,,,,,"Rocky Mount Telegram • Page 49 Sunday, September 30, 1984Rocky Mount, North Carolina1 of 2 matches on this page.Previous Next",C:\Users\shakyas\Desktop\ShakyaThinkGround\CONLAW\newspapers_screenshots\certificate_of_need_nc_0292.png
293,https://newscomwc.newspapers.com/image/337501895/?match=1&terms=%22certificate%20of%20need%22&pqsid=1G5w5jPookppD464ShWQFw%3A12564%3A1788838422,,,,,"Rocky Mount Telegram • Page 11 Tuesday, October 2, 1984Rocky Mount, North Carolina1 of 2 matches on this page.Previous Next",C:\Users\shakyas\Desktop\ShakyaThinkGround\CONLAW\newspapers_screenshots\certificate_of_need_nc_0293.png
294,https://newscomwc.newspapers.com/image/337504381/?match=1&terms=%22certificate%20of%20need%22&pqsid=1G5w5jPookppD464ShWQFw%3A12564%3A1788838422,,,,,"Rocky Mount Telegram • Page 3 Monday, October 8, 1984Rocky Mount, North Carolina1 of 1 matches on this page.",C:\Users\shakyas\Desktop\ShakyaThinkGround\CONLAW\newspapers_screenshots\certificate_of_need_nc_0294.png
295,https://newscomwc.newspapers.com/image/337501889/?match=1&terms=%22certificate%20of%20need%22&pqsid=1G5w5jPookppD464ShWQFw%3A12564%3A1788838422,,,,,"Rocky Mount Telegram • Page 13 Thursday, December 6, 1984Rocky Mount, North Carolina1 of 2 matches on this page.Previous Next",C:\Users\shakyas\Desktop\ShakyaThinkGround\CONLAW\newspapers_screenshots\certificate_of_need_nc_0295.png
296,https://newscomwc.newspapers.com/image/341218351/?match=1&terms=%22certificate%20of%20need%22&pqsid=1G5w5jPookppD464ShWQFw%3A12564%3A1788838422,,,,,"The Nashville Graphic • Page 1 Thursday, December 20, 1984Nashville, North Carolina1 of 2 matches on this page.Previous Next",C:\Users\shakyas\Desktop\ShakyaThinkGround\CONLAW\newspapers_screenshots\certificate_of_need_nc_0296.png
297,https://newscomwc.newspapers.com/image/337506627/?match=1&terms=%22certificate%20of%20need%22&pqsid=1G5w5jPookppD464ShWQFw%3A12564%3A1788838422,,,,,"Rocky Mount Telegram • Page 3 Wednesday, January 9, 1985Rocky Mount, North Carolina1 of 6 matches on this page.Previous Next",C:\Users\shakyas\Desktop\ShakyaThinkGround\CONLAW\newspapers_screenshots\certificate_of_need_nc_0297.png
298,https://newscomwc.newspapers.com/image/341068160/?match=1&terms=%22certificate%20of%20need%22&pqsid=1G5w5jPookppD464ShWQFw%3A12564%3A1788838422,,,,,"The Nashville Graphic • Page 8 Tuesday, January 22, 1985Nashville, North Carolina1 of 2 matches on this page.Previous Next",C:\Users\shakyas\Desktop\ShakyaThinkGround\CONLAW\newspapers_screenshots\certificate_of_need_nc_0298.png
299,https://newscomwc.newspapers.com/image/337514149/?match=1&terms=%22certificate%20of%20need%22&pqsid=1G5w5jPookppD464ShWQFw%3A12564%3A1788838422,,,,,"Rocky Mount Telegram • Page 17 Wednesday, January 23, 1985Rocky Mount, North Carolina1 of 2 matches on this page.Previous Next",C:\Users\shakyas\Desktop\ShakyaThinkGround\CONLAW\newspapers_screenshots\certificate_of_need_nc_0299.png
300,https://newscomwc.newspapers.com/image/337515039/?match=1&terms=%22certificate%20of%20need%22&pqsid=1G5w5jPookppD464ShWQFw%3A12564%3A1788838422,,,,,"Rocky Mount Telegram • Page 9 Friday, January 25, 1985Rocky Mount, North Carolina1 of 6 matches on this page.Previous Next",C:\Users\shakyas\Desktop\ShakyaThinkGround\CONLAW\newspapers_screenshots\certificate_of_need_nc_0300.png
301,https://newscomwc.newspapers.com/image/337546041/?match=1&terms=%22certificate%20of%20need%22&pqsid=1G5w5jPookppD464ShWQFw%3A12564%3A1788838422,,,,,"Rocky Mount Telegram • Page 5 Tuesday, March 5, 1985Rocky Mount, North Carolina1 of 2 matches on this page.Previous Next",C:\Users\shakyas\Desktop\ShakyaThinkGround\CONLAW\newspapers_screenshots\certificate_of_need_nc_0301.png
302,https://newscomwc.newspapers.com/image/341068987/?match=1&terms=%22certificate%20of%20need%22&pqsid=1G5w5jPookppD464ShWQFw%3A12564%3A1788838422,,,,,"The Nashville Graphic • Page 1 Thursday, March 7, 1985Nashville, North Carolina1 of 2 matches on this page.Previous Next",C:\Users\shakyas\Desktop\ShakyaThinkGround\CONLAW\newspapers_screenshots\certificate_of_need_nc_0302.png
303,https://newscomwc.newspapers.com/image/337548349/?match=1&terms=%22certificate%20of%20need%22&pqsid=1G5w5jPookppD464ShWQFw%3A12564%3A1788838422,,,,,"Rocky Mount Telegram • Page 1 Wednesday, May 8, 1985Rocky Mount, North Carolina1 of 2 matches on this page.Previous Next",C:\Users\shakyas\Desktop\ShakyaThinkGround\CONLAW\newspapers_screenshots\certificate_of_need_nc_0303.png
304,https://newscomwc.newspapers.com/image/337548697/?match=1&terms=%22certificate%20of%20need%22&pqsid=1G5w5jPookppD464ShWQFw%3A12564%3A1788838422,,,,,"Rocky Mount Telegram • Page 1 Thursday, May 9, 1985Rocky Mount, North Carolina1 of 2 matches on this page.Previous Next",C:\Users\shakyas\Desktop\ShakyaThinkGround\CONLAW\newspapers_screenshots\certificate_of_need_nc_0304.png
305,https://newscomwc.newspapers.com/image/341078016/?match=1&terms=%22certificate%20of%20need%22&pqsid=1G5w5jPookppD464ShWQFw%3A12564%3A1788838422,,,,,"The Nashville Graphic • Page 8 Thursday, May 9, 1985Nashville, North Carolina1 of 2 matches on this page.Previous Next",C:\Users\shakyas\Desktop\ShakyaThinkGround\CONLAW\newspapers_screenshots\certificate_of_need_nc_0305.png
306,https://newscomwc.newspapers.com/image/337549164/?match=1&terms=%22certificate%20of%20need%22&pqsid=1G5w5jPookppD464ShWQFw%3A12564%3A1788838422,,,,,"Rocky Mount Telegram • Page 1 Saturday, May 11, 1985Rocky Mount, North Carolina1 of 6 matches on this page.Previous Next",C:\Users\shakyas\Desktop\ShakyaThinkGround\CONLAW\newspapers_screenshots\certificate_of_need_nc_0306.png
307,https://newscomwc.newspapers.com/image/337550901/?match=1&terms=%22certificate%20of%20need%22&pqsid=1G5w5jPookppD464ShWQFw%3A12564%3A1788838422,,,,,"Rocky Mount Telegram • Page 1 Thursday, May 16, 1985Rocky Mount, North Carolina1 of 3 matches on this page.Previous Next",C:\Users\shakyas\Desktop\ShakyaThinkGround\CONLAW\newspapers_screenshots\certificate_of_need_nc_0307.png
308,https://newscomwc.newspapers.com/image/337551756/?match=1&terms=%22certificate%20of%20need%22&pqsid=1G5w5jPookppD464ShWQFw%3A12564%3A1788838422,,,,,"Rocky Mount Telegram • Page 11 Sunday, May 19, 1985Rocky Mount, North Carolina1 of 10 matches on this page.Previous Next",C:\Users\shakyas\Desktop\ShakyaThinkGround\CONLAW\newspapers_screenshots\certificate_of_need_nc_0308.png
309,https://newscomwc.newspapers.com/image/337565968/?match=1&terms=%22certificate%20of%20need%22&pqsid=1G5w5jPookppD464ShWQFw%3A12564%3A1788838422,,,,,"Rocky Mount Telegram • Page 1 Friday, June 28, 1985Rocky Mount, North Carolina1 of 2 matches on this page.Previous Next",C:\Users\shakyas\Desktop\ShakyaThinkGround\CONLAW\newspapers_screenshots\certificate_of_need_nc_0309.png
310,https://newscomwc.newspapers.com/image/337557412/?match=1&terms=%22certificate%20of%20need%22&pqsid=1G5w5jPookppD464ShWQFw%3A12564%3A1788838422,,,,,"Rocky Mount Telegram • Page 5 Friday, August 9, 1985Rocky Mount, North Carolina1 of 4 matches on this page.Previous Next",C:\Users\shakyas\Desktop\ShakyaThinkGround\CONLAW\newspapers_screenshots\certificate_of_need_nc_0310.png
311,https://newscomwc.newspapers.com/image/337573918/?match=1&terms=%22certificate%20of%20need%22&pqsid=1G5w5jPookppD464ShWQFw%3A12564%3A1788838422,,,,,"Rocky Mount Telegram • Page 4 Sunday, November 3, 1985Rocky Mount, North Carolina1 of 2 matches on this page.Previous Next",C:\Users\shakyas\Desktop\ShakyaThinkGround\CONLAW\newspapers_screenshots\certificate_of_need_nc_0311.png
312,https://newscomwc.newspapers.com/image/337576642/?match=1&terms=%22certificate%20of%20need%22&pqsid=1G5w5jPookppD464ShWQFw%3A12564%3A1788838422,,,,,"Rocky Mount Telegram • Page 1 Friday, February 28, 1986Rocky Mount, North Carolina1 of 4 matches on this page.Previous Next",C:\Users\shakyas\Desktop\ShakyaThinkGround\CONLAW\newspapers_screenshots\certificate_of_need_nc_0312.png
313,https://newscomwc.newspapers.com/image/337576805/?match=1&terms=%22certificate%20of%20need%22&pqsid=1G5w5jPookppD464ShWQFw%3A12564%3A1788838422,,,,,"Rocky Mount Telegram • Page 16 Friday, February 28, 1986Rocky Mount, North Carolina1 of 4 matches on this page.Previous Next",C:\Users\shakyas\Desktop\ShakyaThinkGround\CONLAW\newspapers_screenshots\certificate_of_need_nc_0313.png
314,https://newscomwc.newspapers.com/image/337579452/?match=1&terms=%22certificate%20of%20need%22&pqsid=1G5w5jPookppD464ShWQFw%3A12564%3A1788838422,,,,,"Rocky Mount Telegram • Page 1 Tuesday, March 11, 1986Rocky Mount, North Carolina1 of 2 matches on this page.Previous Next",C:\Users\shakyas\Desktop\ShakyaThinkGround\CONLAW\newspapers_screenshots\certificate_of_need_nc_0314.png
315,https://newscomwc.newspapers.com/image/337583119/?match=1&terms=%22certificate%20of%20need%22&pqsid=1G5w5jPookppD464ShWQFw%3A12564%3A1788838422,,,,,"Rocky Mount Telegram • Page 2 Friday, March 28, 1986Rocky Mount, North Carolina1 of 2 matches on this page.Previous Next",C:\Users\shakyas\Desktop\ShakyaThinkGround\CONLAW\newspapers_screenshots\certificate_of_need_nc_0315.png
316,https://newscomwc.newspapers.com/image/341056530/?match=1&terms=%22certificate%20of%20need%22&pqsid=1G5w5jPookppD464ShWQFw%3A12564%3A1788838422,,,,,"The Nashville Graphic • Page 1 Wednesday, April 2, 1986Nashville, North Carolina1 of 2 matches on this page.Previous Next",C:\Users\shakyas\Desktop\ShakyaThinkGround\CONLAW\newspapers_screenshots\certificate_of_need_nc_0316.png
317,https://newscomwc.newspapers.com/image/337669530/?match=1&terms=%22certificate%20of%20need%22&pqsid=1G5w5jPookppD464ShWQFw%3A12564%3A1788838422,,,,,"Rocky Mount Telegram • Page 5 Friday, May 2, 1986Rocky Mount, North Carolina1 of 4 matches on this page.Previous Next",C:\Users\shakyas\Desktop\ShakyaThinkGround\CONLAW\newspapers_screenshots\certificate_of_need_nc_0317.png
318,https://newscomwc.newspapers.com/image/337669558/?match=1&terms=%22certificate%20of%20need%22&pqsid=1G5w5jPookppD464ShWQFw%3A12564%3A1788838422,,,,,"Rocky Mount Telegram • Page 3 Sunday, May 4, 1986Rocky Mount, North Carolina1 of 2 matches on this page.Previous Next",C:\Users\shakyas\Desktop\ShakyaThinkGround\CONLAW\newspapers_screenshots\certificate_of_need_nc_0318.png
319,https://newscomwc.newspapers.com/image/341058632/?match=1&terms=%22certificate%20of%20need%22&pqsid=1G5w5jPookppD464ShWQFw%3A12564%3A1788838422,,,,,"The Nashville Graphic • Page 1 Friday, May 16, 1986Nashville, North Carolina1 of 3 matches on this page.Previous Next",C:\Users\shakyas\Desktop\ShakyaThinkGround\CONLAW\newspapers_screenshots\certificate_of_need_nc_0319.png
320,https://newscomwc.newspapers.com/image/337673195/?match=1&terms=%22certificate%20of%20need%22&pqsid=1G5w5jPookppD464ShWQFw%3A12564%3A1788838422,,,,,"Rocky Mount Telegram • Page 12 Thursday, May 22, 1986Rocky Mount, North Carolina1 of 4 matches on this page.Previous Next",C:\Users\shakyas\Desktop\ShakyaThinkGround\CONLAW\newspapers_screenshots\certificate_of_need_nc_0320.png
321,https://newscomwc.newspapers.com/image/337640621/?match=1&terms=%22certificate%20of%20need%22&pqsid=1G5w5jPookppD464ShWQFw%3A12564%3A1788838422,,,,,"Rocky Mount Telegram • Page 3 Tuesday, June 10, 1986Rocky Mount, North Carolina1 of 2 matches on this page.Previous Next",C:\Users\shakyas\Desktop\ShakyaThinkGround\CONLAW\newspapers_screenshots\certificate_of_need_nc_0321.png
322,https://newscomwc.newspapers.com/image/337642071/?match=1&terms=%22certificate%20of%20need%22&pqsid=1G5w5jPookppD464ShWQFw%3A12564%3A1788838422,,,,,"Rocky Mount Telegram • Page 42 Sunday, June 29, 1986Rocky Mount, North Carolina1 of 4 matches on this page.Previous Next",C:\Users\shakyas\Desktop\ShakyaThinkGround\CONLAW\newspapers_screenshots\certificate_of_need_nc_0322.png
323,https://newscomwc.newspapers.com/image/337694913/?match=1&terms=%22certificate%20of%20need%22&pqsid=1G5w5jPookppD464ShWQFw%3A12564%3A1788838422,,,,,"Rocky Mount Telegram • Page 34 Wednesday, July 9, 1986Rocky Mount, North Carolina1 of 3 matches on this page.Previous Next",C:\Users\shakyas\Desktop\ShakyaThinkGround\CONLAW\newspapers_screenshots\certificate_of_need_nc_0323.png
324,https://newscomwc.newspapers.com/image/337697358/?match=1&terms=%22certificate%20of%20need%22&pqsid=1G5w5jPookppD464ShWQFw%3A12564%3A1788838422,,,,,"Rocky Mount Telegram • Page 3 Sunday, July 13, 1986Rocky Mount, North Carolina1 of 5 matches on this page.Previous Next",C:\Users\shakyas\Desktop\ShakyaThinkGround\CONLAW\newspapers_screenshots\certificate_of_need_nc_0324.png
325,https://newscomwc.newspapers.com/image/337703925/?match=1&terms=%22certificate%20of%20need%22&pqsid=1G5w5jPookppD464ShWQFw%3A12564%3A1788838422,,,,,"Rocky Mount Telegram • Page 7 Friday, July 18, 1986Rocky Mount, North Carolina1 of 6 matches on this page.Previous Next",C:\Users\shakyas\Desktop\ShakyaThinkGround\CONLAW\newspapers_screenshots\certificate_of_need_nc_0325.png
326,https://newscomwc.newspapers.com/image/337705589/?match=1&terms=%22certificate%20of%20need%22&pqsid=1G5w5jPookppD464ShWQFw%3A12564%3A1788838422,,,,,"Rocky Mount Telegram • Page 4 Sunday, July 20, 1986Rocky Mount, North Carolina1 of 2 matches on this page.Previous Next",C:\Users\shakyas\Desktop\ShakyaThinkGround\CONLAW\newspapers_screenshots\certificate_of_need_nc_0326.png
327,https://newscomwc.newspapers.com/image/337711206/?match=1&terms=%22certificate%20of%20need%22&pqsid=1G5w5jPookppD464ShWQFw%3A12564%3A1788838422,,,,,"Rocky Mount Telegram • Page 3 Thursday, July 24, 1986Rocky Mount, North Carolina1 of 2 matches on this page.Previous Next",C:\Users\shakyas\Desktop\ShakyaThinkGround\CONLAW\newspapers_screenshots\certificate_of_need_nc_0327.png
328,https://newscomwc.newspapers.com/image/341116004/?match=1&terms=%22certificate%20of%20need%22&pqsid=1G5w5jPookppD464ShWQFw%3A12564%3A1788838422,,,,,"The Nashville Graphic • Page 1 Friday, July 25, 1986Nashville, North Carolina1 of 4 matches on this page.Previous Next",C:\Users\shakyas\Desktop\ShakyaThinkGround\CONLAW\newspapers_screenshots\certificate_of_need_nc_0328.png
329,https://newscomwc.newspapers.com/image/337641915/?match=1&terms=%22certificate%20of%20need%22&pqsid=1G5w5jPookppD464ShWQFw%3A12564%3A1788838422,,,,,"Rocky Mount Telegram • Page 1 Wednesday, September 3, 1986Rocky Mount, North Carolina1 of 2 matches on this page.Previous Next",C:\Users\shakyas\Desktop\ShakyaThinkGround\CONLAW\newspapers_screenshots\certificate_of_need_nc_0329.png
330,https://newscomwc.newspapers.com/image/67804940/?match=1&terms=%22certificate%20of%20need%22&pqsid=1G5w5jPookppD464ShWQFw%3A12564%3A1788838422,,,,,"The Daily Tar Heel • Page 8 Thursday, September 4, 1986Chapel Hill, North Carolina1 of 1 matches on this page.",C:\Users\shakyas\Desktop\ShakyaThinkGround\CONLAW\newspapers_screenshots\certificate_of_need_nc_0330.png
331,https://newscomwc.newspapers.com/image/337682185/?match=1&terms=%22certificate%20of%20need%22&pqsid=1G5w5jPookppD464ShWQFw%3A12564%3A1788838422,,,,,"Rocky Mount Telegram • Page 14 Tuesday, October 7, 1986Rocky Mount, North Carolina1 of 6 matches on this page.Previous Next",C:\Users\shakyas\Desktop\ShakyaThinkGround\CONLAW\newspapers_screenshots\certificate_of_need_nc_0331.png
332,https://newscomwc.newspapers.com/image/337706304/?match=1&terms=%22certificate%20of%20need%22&pqsid=1G5w5jPookppD464ShWQFw%3A12564%3A1788838422,,,,,"Rocky Mount Telegram • Page 9 Friday, October 31, 1986Rocky Mount, North Carolina1 of 2 matches on this page.Previous Next",C:\Users\shakyas\Desktop\ShakyaThinkGround\CONLAW\newspapers_screenshots\certificate_of_need_nc_0332.png
333,https://newscomwc.newspapers.com/image/337642938/?match=1&terms=%22certificate%20of%20need%22&pqsid=1G5w5jPookppD464ShWQFw%3A12564%3A1788838422,,,,,"Rocky Mount Telegram • Page 9 Monday, January 19, 1987Rocky Mount, North Carolina1 of 2 matches on this page.Previous Next",C:\Users\shakyas\Desktop\ShakyaThinkGround\CONLAW\newspapers_screenshots\certificate_of_need_nc_0333.png
334,https://newscomwc.newspapers.com/image/337739513/?match=1&terms=%22certificate%20of%20need%22&pqsid=1G5w5jPookppD464ShWQFw%3A12564%3A1788838422,,,,,"Rocky Mount Telegram • Page 1 Sunday, February 8, 1987Rocky Mount, North Carolina1 of 4 matches on this page.Previous Next",C:\Users\shakyas\Desktop\ShakyaThinkGround\CONLAW\newspapers_screenshots\certificate_of_need_nc_0334.png
335,https://newscomwc.newspapers.com/image/337750789/?match=1&terms=%22certificate%20of%20need%22&pqsid=1G5w5jPookppD464ShWQFw%3A12564%3A1788838422,,,,,"Rocky Mount Telegram • Page 11 Thursday, February 19, 1987Rocky Mount, North Carolina1 of 2 matches on this page.Previous Next",C:\Users\shakyas\Desktop\ShakyaThinkGround\CONLAW\newspapers_screenshots\certificate_of_need_nc_0335.png
336,https://newscomwc.newspapers.com/image/337655119/?match=1&terms=%22certificate%20of%20need%22&pqsid=1G5w5jPookppD464ShWQFw%3A12564%3A1788838422,,,,,"Rocky Mount Telegram • Page 1 Wednesday, March 4, 1987Rocky Mount, North Carolina1 of 6 matches on this page.Previous Next",C:\Users\shakyas\Desktop\ShakyaThinkGround\CONLAW\newspapers_screenshots\certificate_of_need_nc_0336.png
337,https://newscomwc.newspapers.com/image/341074766/?match=1&terms=%22certificate%20of%20need%22&pqsid=1G5w5jPookppD464ShWQFw%3A12564%3A1788838422,,,,,"The Nashville Graphic • Page 1 Wednesday, March 11, 1987Nashville, North Carolina1 of 2 matches on this page.Previous Next",C:\Users\shakyas\Desktop\ShakyaThinkGround\CONLAW\newspapers_screenshots\certificate_of_need_nc_0337.png
338,https://newscomwc.newspapers.com/image/337910318/?match=1&terms=%22certificate%20of%20need%22&pqsid=1G5w5jPookppD464ShWQFw%3A12564%3A1788838422,,,,,"Rocky Mount Telegram • Page 30 Sunday, July 5, 1987Rocky Mount, North Carolina1 of 1 matches on this page.",C:\Users\shakyas\Desktop\ShakyaThinkGround\CONLAW\newspapers_screenshots\certificate_of_need_nc_0338.png
339,https://newscomwc.newspapers.com/image/337916148/?match=1&terms=%22certificate%20of%20need%22&pqsid=1G5w5jPookppD464ShWQFw%3A12564%3A1788838422,,,,,"Rocky Mount Telegram • Page 13 Thursday, July 23, 1987Rocky Mount, North Carolina1 of 2 matches on this page.Previous Next",C:\Users\shakyas\Desktop\ShakyaThinkGround\CONLAW\newspapers_screenshots\certificate_of_need_nc_0339.png
340,https://newscomwc.newspapers.com/image/337938079/?match=1&terms=%22certificate%20of%20need%22&pqsid=1G5w5jPookppD464ShWQFw%3A12564%3A1788838422,,,,,"Rocky Mount Telegram • Page 9 Wednesday, August 5, 1987Rocky Mount, North Carolina1 of 8 matches on this page.Previous Next",C:\Users\shakyas\Desktop\ShakyaThinkGround\CONLAW\newspapers_screenshots\certificate_of_need_nc_0340.png
341,https://newscomwc.newspapers.com/image/337939656/?match=1&terms=%22certificate%20of%20need%22&pqsid=1G5w5jPookppD464ShWQFw%3A12564%3A1788838422,,,,,"Rocky Mount Telegram • Page 2 Sunday, August 9, 1987Rocky Mount, North Carolina1 of 2 matches on this page.Previous Next",C:\Users\shakyas\Desktop\ShakyaThinkGround\CONLAW\newspapers_screenshots\certificate_of_need_nc_0341.png
342,https://newscomwc.newspapers.com/image/337894254/?match=1&terms=%22certificate%20of%20need%22&pqsid=1G5w5jPookppD464ShWQFw%3A12564%3A1788838422,,,,,"Rocky Mount Telegram • Page 1 Sunday, September 6, 1987Rocky Mount, North Carolina1 of 2 matches on this page.Previous Next",C:\Users\shakyas\Desktop\ShakyaThinkGround\CONLAW\newspapers_screenshots\certificate_of_need_nc_0342.png
343,https://newscomwc.newspapers.com/image/337896634/?match=1&terms=%22certificate%20of%20need%22&pqsid=1G5w5jPookppD464ShWQFw%3A12564%3A1788838422,,,,,"Rocky Mount Telegram • Page 1 Tuesday, September 15, 1987Rocky Mount, North Carolina1 of 2 matches on this page.Previous Next",C:\Users\shakyas\Desktop\ShakyaThinkGround\CONLAW\newspapers_screenshots\certificate_of_need_nc_0343.png
344,https://newscomwc.newspapers.com/image/337735415/?match=1&terms=%22certificate%20of%20need%22&pqsid=1G5w5jPookppD464ShWQFw%3A12564%3A1788838422,,,,,"Rocky Mount Telegram • Page 6 Tuesday, January 12, 1988Rocky Mount, North Carolina1 of 4 matches on this page.Previous Next",C:\Users\shakyas\Desktop\ShakyaThinkGround\CONLAW\newspapers_screenshots\certificate_of_need_nc_0344.png
345,https://newscomwc.newspapers.com/image/337750488/?match=1&terms=%22certificate%20of%20need%22&pqsid=1G5w5jPookppD464ShWQFw%3A12564%3A1788838422,,,,,"Rocky Mount Telegram • Page 3 Sunday, January 31, 1988Rocky Mount, North Carolina1 of 2 matches on this page.Previous Next",C:\Users\shakyas\Desktop\ShakyaThinkGround\CONLAW\newspapers_screenshots\certificate_of_need_nc_0345.png
346,https://newscomwc.newspapers.com/image/337895827/?match=1&terms=%22certificate%20of%20need%22&pqsid=1G5w5jPookppD464ShWQFw%3A12564%3A1788838422,,,,,"Rocky Mount Telegram • Page 7 Monday, March 7, 1988Rocky Mount, North Carolina1 of 14 matches on this page.Previous Next",C:\Users\shakyas\Desktop\ShakyaThinkGround\CONLAW\newspapers_screenshots\certificate_of_need_nc_0346.png
347,https://newscomwc.newspapers.com/image/337656578/?match=1&terms=%22certificate%20of%20need%22&pqsid=1G5w5jPookppD464ShWQFw%3A12564%3A1788838422,,,,,"Rocky Mount Telegram • Page 20 Friday, April 15, 1988Rocky Mount, North Carolina1 of 4 matches on this page.Previous Next",C:\Users\shakyas\Desktop\ShakyaThinkGround\CONLAW\newspapers_screenshots\certificate_of_need_nc_0347.png
348,https://newscomwc.newspapers.com/image/337662764/?match=1&terms=%22certificate%20of%20need%22&pqsid=1G5w5jPookppD464ShWQFw%3A12564%3A1788838422,,,,,"Rocky Mount Telegram • Page 3 Thursday, April 28, 1988Rocky Mount, North Carolina1 of 6 matches on this page.Previous Next",C:\Users\shakyas\Desktop\ShakyaThinkGround\CONLAW\newspapers_screenshots\certificate_of_need_nc_0348.png
349,https://newscomwc.newspapers.com/image/337859510/?match=1&terms=%22certificate%20of%20need%22&pqsid=1G5w5jPookppD464ShWQFw%3A12564%3A1788838422,,,,,"Rocky Mount Telegram • Page 7 Tuesday, July 12, 1988Rocky Mount, North Carolina1 of 2 matches on this page.Previous Next",C:\Users\shakyas\Desktop\ShakyaThinkGround\CONLAW\newspapers_screenshots\certificate_of_need_nc_0349.png
350,https://newscomwc.newspapers.com/image/337797510/?match=1&terms=%22certificate%20of%20need%22&pqsid=1G5w5jPookppD464ShWQFw%3A12564%3A1788838422,,,,,"Rocky Mount Telegram • Page 1 Friday, August 12, 1988Rocky Mount, North Carolina1 of 4 matches on this page.Previous Next",C:\Users\shakyas\Desktop\ShakyaThinkGround\CONLAW\newspapers_screenshots\certificate_of_need_nc_0350.png
351,https://newscomwc.newspapers.com/image/337668444/?match=1&terms=%22certificate%20of%20need%22&pqsid=1G5w5jPookppD464ShWQFw%3A12564%3A1788838422,,,,,"Rocky Mount Telegram • Page 8 Sunday, September 4, 1988Rocky Mount, North Carolina1 of 1 matches on this page.",C:\Users\shakyas\Desktop\ShakyaThinkGround\CONLAW\newspapers_screenshots\certificate_of_need_nc_0351.png
352,https://newscomwc.newspapers.com/image/337668509/?match=1&terms=%22certificate%20of%20need%22&pqsid=1G5w5jPookppD464ShWQFw%3A12564%3A1788838422,,,,,"Rocky Mount Telegram • Page 7 Monday, September 5, 1988Rocky Mount, North Carolina1 of 2 matches on this page.Previous Next",C:\Users\shakyas\Desktop\ShakyaThinkGround\CONLAW\newspapers_screenshots\certificate_of_need_nc_0352.png
353,https://newscomwc.newspapers.com/image/337817955/?match=1&terms=%22certificate%20of%20need%22&pqsid=1G5w5jPookppD464ShWQFw%3A12564%3A1788838422,,,,,"Rocky Mount Telegram • Page 5 Thursday, October 6, 1988Rocky Mount, North Carolina1 of 4 matches on this page.Previous Next",C:\Users\shakyas\Desktop\ShakyaThinkGround\CONLAW\newspapers_screenshots\certificate_of_need_nc_0353.png
354,https://newscomwc.newspapers.com/image/337756740/?match=1&terms=%22certificate%20of%20need%22&pqsid=1G5w5jPookppD464ShWQFw%3A12564%3A1788838422,,,,,"Rocky Mount Telegram • Page 7 Friday, November 11, 1988Rocky Mount, North Carolina1 of 2 matches on this page.Previous Next",C:\Users\shakyas\Desktop\ShakyaThinkGround\CONLAW\newspapers_screenshots\certificate_of_need_nc_0354.png
355,https://newscomwc.newspapers.com/image/338250992/?match=1&terms=%22certificate%20of%20need%22&pqsid=1G5w5jPookppD464ShWQFw%3A12564%3A1788838422,,,,,"Rocky Mount Telegram • Page 1 Saturday, April 15, 1989Rocky Mount, North Carolina1 of 2 matches on this page.Previous Next",C:\Users\shakyas\Desktop\ShakyaThinkGround\CONLAW\newspapers_screenshots\certificate_of_need_nc_0355.png
356,https://newscomwc.newspapers.com/image/338251641/?match=1&terms=%22certificate%20of%20need%22&pqsid=1G5w5jPookppD464ShWQFw%3A12564%3A1788838422,,,,,"Rocky Mount Telegram • Page 20 Wednesday, June 14, 1989Rocky Mount, North Carolina1 of 8 matches on this page.Previous Next",C:\Users\shakyas\Desktop\ShakyaThinkGround\CONLAW\newspapers_screenshots\certificate_of_need_nc_0356.png
357,https://newscomwc.newspapers.com/image/338256714/?match=1&terms=%22certificate%20of%20need%22&pqsid=1G5w5jPookppD464ShWQFw%3A12564%3A1788838422,,,,,"Rocky Mount Telegram • Page 1 Thursday, August 10, 1989Rocky Mount, North Carolina1 of 2 matches on this page.Previous Next",C:\Users\shakyas\Desktop\ShakyaThinkGround\CONLAW\newspapers_screenshots\certificate_of_need_nc_0357.png
358,https://newscomwc.newspapers.com/image/337904924/?match=1&terms=%22certificate%20of%20need%22&pqsid=1G5w5jPookppD464ShWQFw%3A12564%3A1788838422,,,,,"Rocky Mount Telegram • Page 1 Tuesday, October 3, 1989Rocky Mount, North Carolina1 of 2 matches on this page.Previous Next",C:\Users\shakyas\Desktop\ShakyaThinkGround\CONLAW\newspapers_screenshots\certificate_of_need_nc_0358.png
359,https://newscomwc.newspapers.com/image/337912921/?match=1&terms=%22certificate%20of%20need%22&pqsid=1G5w5jPookppD464ShWQFw%3A12564%3A1788838422,,,,,"Rocky Mount Telegram • Page 2 Thursday, October 26, 1989Rocky Mount, North Carolina1 of 2 matches on this page.Previous Next",C:\Users\shakyas\Desktop\ShakyaThinkGround\CONLAW\newspapers_screenshots\certificate_of_need_nc_0359.png
360,https://newscomwc.newspapers.com/image/337902071/?match=1&terms=%22certificate%20of%20need%22&pqsid=1G5w5jPookppD464ShWQFw%3A12564%3A1788838422,,,,,"Rocky Mount Telegram • Page 6 Friday, January 19, 1990Rocky Mount, North Carolina1 of 4 matches on this page.Previous Next",C:\Users\shakyas\Desktop\ShakyaThinkGround\CONLAW\newspapers_screenshots\certificate_of_need_nc_0360.png
361,https://newscomwc.newspapers.com/image/337806167/?match=1&terms=%22certificate%20of%20need%22&pqsid=1G5w5jPookppD464ShWQFw%3A12564%3A1788838422,,,,,"Rocky Mount Telegram • Page 15 Monday, February 5, 1990Rocky Mount, North Carolina1 of 4 matches on this page.Previous Next",C:\Users\shakyas\Desktop\ShakyaThinkGround\CONLAW\newspapers_screenshots\certificate_of_need_nc_0361.png
362,https://newscomwc.newspapers.com/image/337824664/?match=1&terms=%22certificate%20of%20need%22&pqsid=1G5w5jPookppD464ShWQFw%3A12564%3A1788838422,,,,,"Rocky Mount Telegram • Page 2 Wednesday, April 18, 1990Rocky Mount, North Carolina1 of 4 matches on this page.Previous Next",C:\Users\shakyas\Desktop\ShakyaThinkGround\CONLAW\newspapers_screenshots\certificate_of_need_nc_0362.png
363,https://newscomwc.newspapers.com/image/337788743/?match=1&terms=%22certificate%20of%20need%22&pqsid=1G5w5jPookppD464ShWQFw%3A12564%3A1788838422,,,,,"Rocky Mount Telegram • Page 29 Wednesday, June 6, 1990Rocky Mount, North Carolina1 of 4 matches on this page.Previous Next",C:\Users\shakyas\Desktop\ShakyaThinkGround\CONLAW\newspapers_screenshots\certificate_of_need_nc_0363.png
364,https://newscomwc.newspapers.com/image/67823870/?match=1&terms=%22certificate%20of%20need%22&pqsid=1G5w5jPookppD464ShWQFw%3A12564%3A1788838422,,,,,"The Daily Tar Heel • Page 1 Thursday, July 12, 1990Chapel Hill, North Carolina1 of 2 matches on this page.Previous Next",C:\Users\shakyas\Desktop\ShakyaThinkGround\CONLAW\newspapers_screenshots\certificate_of_need_nc_0364.png
365,https://newscomwc.newspapers.com/image/337797454/?match=1&terms=%22certificate%20of%20need%22&pqsid=1G5w5jPookppD464ShWQFw%3A12564%3A1788838422,,,,,"Rocky Mount Telegram • Page 2 Friday, July 20, 1990Rocky Mount, North Carolina1 of 2 matches on this page.Previous Next",C:\Users\shakyas\Desktop\ShakyaThinkGround\CONLAW\newspapers_screenshots\certificate_of_need_nc_0365.png
366,https://newscomwc.newspapers.com/image/337751976/?match=1&terms=%22certificate%20of%20need%22&pqsid=1G5w5jPookppD464ShWQFw%3A12564%3A1788838422,,,,,"Rocky Mount Telegram • Page 19 Sunday, September 23, 1990Rocky Mount, North Carolina1 of 2 matches on this page.Previous Next",C:\Users\shakyas\Desktop\ShakyaThinkGround\CONLAW\newspapers_screenshots\certificate_of_need_nc_0366.png
367,https://newscomwc.newspapers.com/image/337754394/?match=1&terms=%22certificate%20of%20need%22&pqsid=1G5w5jPookppD464ShWQFw%3A12564%3A1788838422,,,,,"Rocky Mount Telegram • Page 10 Wednesday, September 26, 1990Rocky Mount, North Carolina1 of 2 matches on this page.Previous Next",C:\Users\shakyas\Desktop\ShakyaThinkGround\CONLAW\newspapers_screenshots\certificate_of_need_nc_0367.png
368,https://newscomwc.newspapers.com/image/337756544/?match=1&terms=%22certificate%20of%20need%22&pqsid=1G5w5jPookppD464ShWQFw%3A12564%3A1788838422,,,,,"Rocky Mount Telegram • Page 3 Sunday, September 30, 1990Rocky Mount, North Carolina1 of 2 matches on this page.Previous Next",C:\Users\shakyas\Desktop\ShakyaThinkGround\CONLAW\newspapers_screenshots\certificate_of_need_nc_0368.png
369,https://newscomwc.newspapers.com/image/337787182/?match=1&terms=%22certificate%20of%20need%22&pqsid=1G5w5jPookppD464ShWQFw%3A12564%3A1788838422,,,,,"Rocky Mount Telegram • Page 2 Tuesday, December 4, 1990Rocky Mount, North Carolina1 of 2 matches on this page.Previous Next",C:\Users\shakyas\Desktop\ShakyaThinkGround\CONLAW\newspapers_screenshots\certificate_of_need_nc_0369.png
370,https://newscomwc.newspapers.com/image/337904611/?match=1&terms=%22certificate%20of%20need%22&pqsid=1G5w5jPookppD464ShWQFw%3A12564%3A1788838422,,,,,"Rocky Mount Telegram • Page 1 Thursday, March 28, 1991Rocky Mount, North Carolina1 of 2 matches on this page.Previous Next",C:\Users\shakyas\Desktop\ShakyaThinkGround\CONLAW\newspapers_screenshots\certificate_of_need_nc_0370.png
371,https://newscomwc.newspapers.com/image/337904640/?match=1&terms=%22certificate%20of%20need%22&pqsid=1G5w5jPookppD464ShWQFw%3A12564%3A1788838422,,,,,"Rocky Mount Telegram • Page 6 Thursday, March 28, 1991Rocky Mount, North Carolina1 of 2 matches on this page.Previous Next",C:\Users\shakyas\Desktop\ShakyaThinkGround\CONLAW\newspapers_screenshots\certificate_of_need_nc_0371.png
372,https://newscomwc.newspapers.com/image/337904783/?match=1&terms=%22certificate%20of%20need%22&pqsid=1G5w5jPookppD464ShWQFw%3A12564%3A1788838422,,,,,"Rocky Mount Telegram • Page 1 Friday, March 29, 1991Rocky Mount, North Carolina1 of 4 matches on this page.Previous Next",C:\Users\shakyas\Desktop\ShakyaThinkGround\CONLAW\newspapers_screenshots\certificate_of_need_nc_0372.png
373,https://newscomwc.newspapers.com/image/337904963/?match=1&terms=%22certificate%20of%20need%22&pqsid=1G5w5jPookppD464ShWQFw%3A12564%3A1788838422,,,,,"Rocky Mount Telegram • Page 4 Saturday, March 30, 1991Rocky Mount, North Carolina1 of 2 matches on this page.Previous Next",C:\Users\shakyas\Desktop\ShakyaThinkGround\CONLAW\newspapers_screenshots\certificate_of_need_nc_0373.png
374,https://newscomwc.newspapers.com/image/337819724/?match=1&terms=%22certificate%20of%20need%22&pqsid=1G5w5jPookppD464ShWQFw%3A12564%3A1788838422,,,,,"Rocky Mount Telegram • Page 17 Friday, May 3, 1991Rocky Mount, North Carolina1 of 4 matches on this page.Previous Next",C:\Users\shakyas\Desktop\ShakyaThinkGround\CONLAW\newspapers_screenshots\certificate_of_need_nc_0374.png
375,https://newscomwc.newspapers.com/image/337843961/?match=1&terms=%22certificate%20of%20need%22&pqsid=1G5w5jPookppD464ShWQFw%3A12564%3A1788838422,,,,,"Rocky Mount Telegram • Page 4 Friday, June 7, 1991Rocky Mount, North Carolina1 of 2 matches on this page.Previous Next",C:\Users\shakyas\Desktop\ShakyaThinkGround\CONLAW\newspapers_screenshots\certificate_of_need_nc_0375.png
376,https://newscomwc.newspapers.com/image/337898830/?match=1&terms=%22certificate%20of%20need%22&pqsid=1G5w5jPookppD464ShWQFw%3A12564%3A1788838422,,,,,"Rocky Mount Telegram • Page 2 Tuesday, August 13, 1991Rocky Mount, North Carolina1 of 2 matches on this page.Previous Next",C:\Users\shakyas\Desktop\ShakyaThinkGround\CONLAW\newspapers_screenshots\certificate_of_need_nc_0376.png
377,https://newscomwc.newspapers.com/image/337906787/?match=1&terms=%22certificate%20of%20need%22&pqsid=1G5w5jPookppD464ShWQFw%3A12564%3A1788838422,,,,,"Rocky Mount Telegram • Page 8 Friday, September 6, 1991Rocky Mount, North Carolina1 of 2 matches on this page.Previous Next",C:\Users\shakyas\Desktop\ShakyaThinkGround\CONLAW\newspapers_screenshots\certificate_of_need_nc_0377.png
378,https://newscomwc.newspapers.com/image/337906987/?match=1&terms=%22certificate%20of%20need%22&pqsid=1G5w5jPookppD464ShWQFw%3A12564%3A1788838422,,,,,"Rocky Mount Telegram • Page 2 Sunday, September 8, 1991Rocky Mount, North Carolina1 of 2 matches on this page.Previous Next",C:\Users\shakyas\Desktop\ShakyaThinkGround\CONLAW\newspapers_screenshots\certificate_of_need_nc_0378.png
379,https://newscomwc.newspapers.com/image/337913616/?match=1&terms=%22certificate%20of%20need%22&pqsid=1G5w5jPookppD464ShWQFw%3A12564%3A1788838422,,,,,"Rocky Mount Telegram • Page 25 Thursday, January 9, 1992Rocky Mount, North Carolina1 of 2 matches on this page.Previous Next",C:\Users\shakyas\Desktop\ShakyaThinkGround\CONLAW\newspapers_screenshots\certificate_of_need_nc_0379.png
380,https://newscomwc.newspapers.com/image/337923715/?match=1&terms=%22certificate%20of%20need%22&pqsid=1G5w5jPookppD464ShWQFw%3A12564%3A1788838422,,,,,"Rocky Mount Telegram • Page 2 Monday, February 3, 1992Rocky Mount, North Carolina1 of 2 matches on this page.Previous Next",C:\Users\shakyas\Desktop\ShakyaThinkGround\CONLAW\newspapers_screenshots\certificate_of_need_nc_0380.png
381,https://newscomwc.newspapers.com/image/337925383/?match=1&terms=%22certificate%20of%20need%22&pqsid=1G5w5jPookppD464ShWQFw%3A12564%3A1788838422,,,,,"Rocky Mount Telegram • Page 19 Thursday, February 6, 1992Rocky Mount, North Carolina1 of 6 matches on this page.Previous Next",C:\Users\shakyas\Desktop\ShakyaThinkGround\CONLAW\newspapers_screenshots\certificate_of_need_nc_0381.png
382,https://newscomwc.newspapers.com/image/337881422/?match=1&terms=%22certificate%20of%20need%22&pqsid=1G5w5jPookppD464ShWQFw%3A12564%3A1788838422,,,,,"Rocky Mount Telegram • Page 17 Wednesday, April 8, 1992Rocky Mount, North Carolina1 of 8 matches on this page.Previous Next",C:\Users\shakyas\Desktop\ShakyaThinkGround\CONLAW\newspapers_screenshots\certificate_of_need_nc_0382.png
383,https://newscomwc.newspapers.com/image/337910872/?match=1&terms=%22certificate%20of%20need%22&pqsid=1G5w5jPookppD464ShWQFw%3A12564%3A1788838422,,,,,"Rocky Mount Telegram • Page 8 Thursday, June 4, 1992Rocky Mount, North Carolina1 of 6 matches on this page.Previous Next",C:\Users\shakyas\Desktop\ShakyaThinkGround\CONLAW\newspapers_screenshots\certificate_of_need_nc_0383.png
384,https://newscomwc.newspapers.com/image/338389687/?match=1&terms=%22certificate%20of%20need%22&pqsid=1G5w5jPookppD464ShWQFw%3A12564%3A1788838422,,,,,"Rocky Mount Telegram • Page 25 Wednesday, August 26, 1992Rocky Mount, North Carolina1 of 8 matches on this page.Previous Next",C:\Users\shakyas\Desktop\ShakyaThinkGround\CONLAW\newspapers_screenshots\certificate_of_need_nc_0384.png
385,https://newscomwc.newspapers.com/image/338389780/?match=1&terms=%22certificate%20of%20need%22&pqsid=1G5w5jPookppD464ShWQFw%3A12564%3A1788838422,,,,,"Rocky Mount Telegram • Page 4 Thursday, August 27, 1992Rocky Mount, North Carolina1 of 2 matches on this page.Previous Next",C:\Users\shakyas\Desktop\ShakyaThinkGround\CONLAW\newspapers_screenshots\certificate_of_need_nc_0385.png
386,https://newscomwc.newspapers.com/image/338198043/?match=1&terms=%22certificate%20of%20need%22&pqsid=1G5w5jPookppD464ShWQFw%3A12564%3A1788838422,,,,,"Rocky Mount Telegram • Page 3 Friday, September 11, 1992Rocky Mount, North Carolina1 of 4 matches on this page.Previous Next",C:\Users\shakyas\Desktop\ShakyaThinkGround\CONLAW\newspapers_screenshots\certificate_of_need_nc_0386.png
387,https://newscomwc.newspapers.com/image/338224957/?match=1&terms=%22certificate%20of%20need%22&pqsid=1G5w5jPookppD464ShWQFw%3A12564%3A1788838422,,,,,"Rocky Mount Telegram • Page 1 Thursday, January 28, 1993Rocky Mount, North Carolina1 of 2 matches on this page.Previous Next",C:\Users\shakyas\Desktop\ShakyaThinkGround\CONLAW\newspapers_screenshots\certificate_of_need_nc_0387.png
388,https://newscomwc.newspapers.com/image/338226475/?match=1&terms=%22certificate%20of%20need%22&pqsid=1G5w5jPookppD464ShWQFw%3A12564%3A1788838422,,,,,"Rocky Mount Telegram • Page 14 Thursday, February 4, 1993Rocky Mount, North Carolina1 of 4 matches on this page.Previous Next",C:\Users\shakyas\Desktop\ShakyaThinkGround\CONLAW\newspapers_screenshots\certificate_of_need_nc_0388.png
389,https://newscomwc.newspapers.com/image/338226941/?match=1&terms=%22certificate%20of%20need%22&pqsid=1G5w5jPookppD464ShWQFw%3A12564%3A1788838422,,,,,"Rocky Mount Telegram • Page 2 Wednesday, February 10, 1993Rocky Mount, North Carolina1 of 2 matches on this page.Previous Next",C:\Users\shakyas\Desktop\ShakyaThinkGround\CONLAW\newspapers_screenshots\certificate_of_need_nc_0389.png
390,https://newscomwc.newspapers.com/image/338227615/?match=1&terms=%22certificate%20of%20need%22&pqsid=1G5w5jPookppD464ShWQFw%3A12564%3A1788838422,,,,,"Rocky Mount Telegram • Page 2 Sunday, February 14, 1993Rocky Mount, North Carolina1 of 2 matches on this page.Previous Next",C:\Users\shakyas\Desktop\ShakyaThinkGround\CONLAW\newspapers_screenshots\certificate_of_need_nc_0390.png
391,https://newscomwc.newspapers.com/image/338213516/?match=1&terms=%22certificate%20of%20need%22&pqsid=1G5w5jPookppD464ShWQFw%3A12564%3A1788838422,,,,,"Rocky Mount Telegram • Page 89 Sunday, March 28, 1993Rocky Mount, North Carolina1 of 2 matches on this page.Previous Next",C:\Users\shakyas\Desktop\ShakyaThinkGround\CONLAW\newspapers_screenshots\certificate_of_need_nc_0391.png
392,https://newscomwc.newspapers.com/image/338214622/?match=1&terms=%22certificate%20of%20need%22&pqsid=1G5w5jPookppD464ShWQFw%3A12564%3A1788838422,,,,,"Rocky Mount Telegram • Page 16 Tuesday, June 8, 1993Rocky Mount, North Carolina1 of 6 matches on this page.Previous Next",C:\Users\shakyas\Desktop\ShakyaThinkGround\CONLAW\newspapers_screenshots\certificate_of_need_nc_0392.png
393,https://newscomwc.newspapers.com/image/338215411/?match=1&terms=%22certificate%20of%20need%22&pqsid=1G5w5jPookppD464ShWQFw%3A12564%3A1788838422,,,,,"Rocky Mount Telegram • Page 14 Friday, February 4, 1994Rocky Mount, North Carolina1 of 4 matches on this page.Previous Next",C:\Users\shakyas\Desktop\ShakyaThinkGround\CONLAW\newspapers_screenshots\certificate_of_need_nc_0393.png
394,https://newscomwc.newspapers.com/image/338217702/?match=1&terms=%22certificate%20of%20need%22&pqsid=1G5w5jPookppD464ShWQFw%3A12564%3A1788838422,,,,,"Rocky Mount Telegram • Page 15 Sunday, February 20, 1994Rocky Mount, North Carolina1 of 2 matches on this page.Previous Next",C:\Users\shakyas\Desktop\ShakyaThinkGround\CONLAW\newspapers_screenshots\certificate_of_need_nc_0394.png
395,https://newscomwc.newspapers.com/image/338257986/?match=1&terms=%22certificate%20of%20need%22&pqsid=1G5w5jPookppD464ShWQFw%3A12564%3A1788838422,,,,,"Rocky Mount Telegram • Page 1 Wednesday, March 23, 1994Rocky Mount, North Carolina1 of 2 matches on this page.Previous Next",C:\Users\shakyas\Desktop\ShakyaThinkGround\CONLAW\newspapers_screenshots\certificate_of_need_nc_0395.png
396,https://newscomwc.newspapers.com/image/338227773/?match=1&terms=%22certificate%20of%20need%22&pqsid=1G5w5jPookppD464ShWQFw%3A12564%3A1788838422,,,,,"Rocky Mount Telegram • Page 20 Friday, June 3, 1994Rocky Mount, North Carolina1 of 8 matches on this page.Previous Next",C:\Users\shakyas\Desktop\ShakyaThinkGround\CONLAW\newspapers_screenshots\certificate_of_need_nc_0396.png
397,https://newscomwc.newspapers.com/image/338229718/?match=1&terms=%22certificate%20of%20need%22&pqsid=1G5w5jPookppD464ShWQFw%3A12564%3A1788838422,,,,,"Rocky Mount Telegram • Page 33 Sunday, December 4, 1994Rocky Mount, North Carolina1 of 8 matches on this page.Previous Next",C:\Users\shakyas\Desktop\ShakyaThinkGround\CONLAW\newspapers_screenshots\certificate_of_need_nc_0397.png
